sample_id,seed,transaction_id,fault_class,fault_type,fault_position,total_transactions,valid_transactions,error_count,parity_error_count,timeout_count,fifo_overflow_count,fifo_underflow_count,invalid_label_count,repeated_error_count,bus_idle_count,idle_duration,error_rate,consecutive_error_count,last_error_type,rx_word_mismatch,parity_error,rx_valid,tx_done,health_label
1,1,1,0,NORMAL,-1,1,1,0,0,0,0,0,0,0,0,0,0,0,0,0,0,1,1,0
2,1,2,0,NORMAL,-1,2,2,0,0,0,0,0,0,0,0,0,0,0,0,0,0,1,1,0
3,1,3,1,PARITY_ERROR,0,3,3,1,1,0,0,0,0,0,0,0,0,1,1,0,1,1,1,1
4,1,4,1,PARITY_ERROR,1,4,4,2,2,0,0,0,0,0,0,0,0,2,1,0,1,1,1,1
5,1,5,1,PARITY_ERROR,2,5,5,3,3,0,0,0,0,0,0,0,0,3,1,0,1,1,1,1
6,1,6,1,PARITY_ERROR,3,6,6,4,4,0,0,0,0,0,0,0,0,4,1,0,1,1,1,1
7,1,7,1,PARITY_ERROR,4,7,7,5,5,0,0,0,0,0,0,0,0,5,1,0,1,1,1,1
8,1,8,1,PARITY_ERROR,5,8,8,6,6,0,0,0,0,0,0,0,0,6,1,0,1,1,1,1
9,1,9,1,PARITY_ERROR,6,9,9,7,7,0,0,0,0,0,0,0,0,7,1,0,1,1,1,1
10,1,10,1,PARITY_ERROR,7,10,10,8,8,0,0,0,0,0,0,0,0,8,1,0,1,1,1,1
11,1,11,1,PARITY_ERROR,8,11,11,9,9,0,0,0,0,0,0,0,0,9,1,0,1,1,1,1
12,1,12,1,PARITY_ERROR,9,12,12,10,10,0,0,0,0,0,0,0,0,10,1,0,1,1,1,1
13,1,13,1,PARITY_ERROR,10,13,13,11,11,0,0,0,0,0,0,0,0,11,1,0,1,1,1,1
14,1,14,1,PARITY_ERROR,11,14,14,12,12,0,0,0,0,0,0,0,0,12,1,0,1,1,1,1
15,1,15,1,PARITY_ERROR,12,15,15,13,13,0,0,0,0,0,0,0,0,13,1,0,1,1,1,1
16,1,16,1,PARITY_ERROR,13,16,16,14,14,0,0,0,0,0,0,0,0,14,1,0,1,1,1,1
17,1,17,1,PARITY_ERROR,14,17,17,15,15,0,0,0,0,0,0,0,0,15,1,0,1,1,1,1
18,1,18,1,PARITY_ERROR,15,18,18,16,16,0,0,0,0,0,0,0,0,16,1,0,1,1,1,1
19,1,19,1,PARITY_ERROR,16,19,19,17,17,0,0,0,0,0,0,0,0,17,1,0,1,1,1,1
20,1,20,1,PARITY_ERROR,17,20,20,18,18,0,0,0,0,0,0,0,0,18,1,0,1,1,1,1
21,1,21,1,PARITY_ERROR,18,21,21,19,19,0,0,0,0,0,0,0,0,19,1,0,1,1,1,1
22,1,22,1,PARITY_ERROR,19,22,22,20,20,0,0,0,0,0,0,0,0,20,1,0,1,1,1,1
23,1,23,1,PARITY_ERROR,20,23,23,21,21,0,0,0,0,0,0,0,0,21,1,0,1,1,1,1
24,1,24,1,PARITY_ERROR,21,24,24,22,22,0,0,0,0,0,0,0,0,22,1,0,1,1,1,1
25,1,25,1,PARITY_ERROR,22,25,25,23,23,0,0,0,0,0,0,0,0,23,1,0,1,1,1,1
26,1,26,1,PARITY_ERROR,23,26,26,24,24,0,0,0,0,0,0,0,0,24,1,0,1,1,1,1
27,1,27,1,PARITY_ERROR,24,27,27,25,25,0,0,0,0,0,0,0,0,25,1,0,1,1,1,1
28,1,28,1,PARITY_ERROR,25,28,28,26,26,0,0,0,0,0,0,0,0,26,1,0,1,1,1,1
29,1,29,1,PARITY_ERROR,26,29,29,27,27,0,0,0,0,0,0,0,0,27,1,0,1,1,1,1
30,1,30,1,PARITY_ERROR,27,30,30,28,28,0,0,0,0,0,0,0,0,28,1,0,1,1,1,1
31,1,31,1,PARITY_ERROR,28,31,31,29,29,0,0,0,0,0,0,0,0,29,1,0,1,1,1,1
32,1,32,1,PARITY_ERROR,29,32,32,30,30,0,0,0,0,0,0,0,0,30,1,0,1,1,1,1
33,1,33,1,PARITY_ERROR,30,33,33,31,31,0,0,0,0,0,0,0,0,31,1,0,1,1,1,1
34,1,34,1,PARITY_ERROR,31,34,34,32,32,0,0,0,0,0,0,0,0,32,1,0,1,1,1,1
35,1,35,20,PARITY_TWO_BIT_LIMIT,0,35,35,33,32,0,0,0,0,0,0,0,0,32,1,0,0,1,1,20
36,1,36,20,PARITY_TWO_BIT_LIMIT,29,36,36,34,32,0,0,0,0,0,0,0,0,33,1,0,0,1,1,20
37,1,37,2,COMMUNICATION_TIMEOUT,-1,37,37,35,32,1,0,0,0,0,0,15751,0,35,2,0,1,1,1,2
38,1,38,2,COMMUNICATION_TIMEOUT,-1,38,38,36,32,2,0,0,0,0,0,15751,0,36,2,0,1,1,1,2
39,1,39,2,COMMUNICATION_TIMEOUT,-1,39,38,37,32,3,0,0,0,0,0,22000,0,37,2,1,1,0,1,2
40,1,40,3,FIFO_OVERFLOW,-1,40,39,38,32,3,2,0,0,0,0,22000,0,38,3,0,0,1,1,3
41,1,41,4,FIFO_UNDERFLOW,-1,41,40,39,32,3,2,2,0,0,0,22000,0,39,4,0,0,1,1,4
42,1,42,5,INVALID_LABEL,-1,42,41,40,32,3,2,2,1,0,0,22000,0,40,5,0,0,1,1,5
43,1,43,5,INVALID_LABEL,-1,43,42,41,32,3,2,2,2,0,0,22000,0,41,5,0,0,1,1,5
44,1,44,7,BUS_IDLE_ERROR,-1,44,42,42,32,3,2,2,2,0,1,25817,0,42,7,0,0,0,0,7
45,1,45,1,PARITY_ERROR,2,45,43,43,33,3,2,2,2,0,1,25817,0,43,1,0,1,1,1,1
46,1,46,1,PARITY_ERROR,19,46,44,44,34,3,2,2,2,0,1,25817,0,44,1,0,1,1,1,1
47,1,47,1,PARITY_ERROR,26,47,45,45,35,3,2,2,2,0,1,25817,0,45,1,0,1,1,1,1
48,1,48,1,PARITY_ERROR,19,48,46,46,36,3,2,2,2,0,1,25817,0,46,1,0,1,1,1,1
49,1,49,1,PARITY_ERROR,16,49,47,47,37,3,2,2,2,0,1,25817,0,47,1,0,1,1,1,1
50,1,50,1,PARITY_ERROR,17,50,48,48,38,3,2,2,2,0,1,25817,0,48,1,0,1,1,1,1
51,1,51,2,COMMUNICATION_TIMEOUT,-1,51,49,49,38,4,2,2,2,0,1,15751,0,49,2,0,1,1,1,2
52,1,52,2,COMMUNICATION_TIMEOUT,-1,52,50,50,38,5,2,2,2,0,1,15751,0,50,2,0,0,1,1,2
53,1,53,3,FIFO_OVERFLOW,-1,53,51,51,38,5,5,2,2,0,1,15751,0,51,3,0,0,1,1,3
54,1,54,4,FIFO_UNDERFLOW,-1,54,52,52,38,5,5,5,2,0,1,15751,0,52,4,0,0,1,1,4
55,1,55,5,INVALID_LABEL,-1,55,53,53,38,5,5,5,3,0,1,15751,0,53,5,0,0,1,1,5
56,1,56,5,INVALID_LABEL,-1,56,54,54,38,5,5,5,4,0,1,15751,0,54,5,0,0,1,1,5
57,1,57,5,INVALID_LABEL,-1,57,55,55,38,5,5,5,5,0,1,15751,0,55,5,0,0,1,1,5
58,1,58,5,INVALID_LABEL,-1,58,56,56,38,5,5,5,6,0,1,15751,0,56,5,0,0,1,1,5
59,1,59,7,BUS_IDLE_ERROR,-1,59,56,57,38,5,5,5,6,0,2,24565,0,57,7,0,0,0,0,7
60,1,60,7,BUS_IDLE_ERROR,-1,60,56,58,38,5,5,5,6,0,3,25550,0,58,7,0,0,0,0,7
61,1,61,1,PARITY_ERROR,6,61,57,59,39,5,5,5,6,0,3,25550,0,59,1,0,1,1,1,1
62,1,62,1,PARITY_ERROR,14,62,58,60,40,5,5,5,6,0,3,25550,0,60,1,0,1,1,1,1
63,1,63,1,PARITY_ERROR,21,63,59,61,41,5,5,5,6,0,3,25550,0,61,1,0,1,1,1,1
64,1,64,1,PARITY_ERROR,18,64,60,62,42,5,5,5,6,0,3,25550,0,62,1,0,1,1,1,1
65,1,65,1,PARITY_ERROR,5,65,61,63,43,5,5,5,6,0,3,25550,0,63,1,0,1,1,1,1
66,1,66,1,PARITY_ERROR,3,66,62,64,44,5,5,5,6,0,3,25550,0,64,1,0,1,1,1,1
67,1,67,5,INVALID_LABEL,-1,67,63,65,44,5,5,5,7,1,3,25550,0,65,5,0,0,1,1,5
68,1,68,5,INVALID_LABEL,-1,68,64,66,44,5,5,5,8,1,3,25550,0,66,5,0,0,1,1,5
69,1,69,5,INVALID_LABEL,-1,69,65,67,44,5,5,5,9,1,3,25550,0,67,5,0,0,1,1,5
70,1,70,1,PARITY_ERROR,8,70,66,68,45,5,5,5,9,2,3,25550,0,68,1,0,1,1,1,1
71,1,71,1,PARITY_ERROR,8,71,67,69,46,5,5,5,9,2,3,25550,0,69,1,0,1,1,1,1
72,1,72,1,PARITY_ERROR,3,72,68,70,47,5,5,5,9,2,3,25550,0,70,1,0,1,1,1,1
73,1,73,1,PARITY_ERROR,23,73,69,71,48,5,5,5,9,2,3,25550,0,71,1,0,1,1,1,1
74,1,74,1,PARITY_ERROR,11,74,70,72,49,5,5,5,9,2,3,25550,0,72,1,0,1,1,1,1
75,1,75,0,NORMAL,-1,75,71,72,49,5,5,5,9,3,3,25550,0,0,1,0,0,1,1,0
76,1,76,4,FIFO_UNDERFLOW,-1,76,72,73,49,5,5,8,9,3,3,25550,0,1,4,0,0,1,1,4
77,1,77,5,INVALID_LABEL,-1,77,73,74,49,5,5,8,10,3,3,25550,0,2,5,0,0,1,1,5
78,1,78,5,INVALID_LABEL,-1,78,74,75,49,5,5,8,11,3,3,25550,0,3,5,0,0,1,1,5
79,1,79,5,INVALID_LABEL,-1,79,75,76,49,5,5,8,12,3,3,25550,0,4,5,0,0,1,1,5
80,1,80,5,INVALID_LABEL,-1,80,76,77,49,5,5,8,13,3,3,25550,0,5,5,0,0,1,1,5
81,1,81,5,INVALID_LABEL,-1,81,77,78,49,5,5,8,14,3,3,25550,0,6,5,0,0,1,1,5
82,1,82,5,INVALID_LABEL,-1,82,78,79,49,5,5,8,15,3,3,25550,0,7,5,0,0,1,1,5
83,1,83,5,INVALID_LABEL,-1,83,79,80,49,5,5,8,16,3,3,25550,0,8,5,0,0,1,1,5
84,1,84,5,INVALID_LABEL,-1,84,80,81,49,5,5,8,17,3,3,25550,0,9,5,0,0,1,1,5
85,1,85,5,INVALID_LABEL,-1,85,81,82,49,5,5,8,18,3,3,25550,0,10,5,0,0,1,1,5
86,1,86,5,INVALID_LABEL,-1,86,82,83,49,5,5,8,19,3,3,25550,0,11,5,0,0,1,1,5
87,1,87,5,INVALID_LABEL,-1,87,83,84,49,5,5,8,20,3,3,25550,0,12,5,0,0,1,1,5
88,1,88,7,BUS_IDLE_ERROR,-1,88,83,85,49,5,5,8,20,4,4,25486,0,13,7,0,0,0,0,7
89,1,89,5,INVALID_LABEL,-1,89,84,86,49,5,5,8,21,4,4,25486,0,14,5,0,0,1,1,5
90,1,90,3,FIFO_OVERFLOW,-1,90,85,87,49,5,7,8,21,4,4,25486,0,15,3,0,0,1,1,3
91,1,91,5,INVALID_LABEL,-1,91,86,88,49,5,7,8,22,4,4,25486,0,16,5,0,0,1,1,5
92,1,92,5,INVALID_LABEL,-1,92,87,89,49,5,7,8,23,4,4,25486,0,17,5,0,0,1,1,5
93,1,93,5,INVALID_LABEL,-1,93,88,90,49,5,7,8,24,4,4,25486,0,18,5,0,0,1,1,5
94,1,94,5,INVALID_LABEL,-1,94,89,91,49,5,7,8,25,4,4,25486,0,19,5,0,0,1,1,5
95,1,95,5,INVALID_LABEL,-1,95,90,92,49,5,7,8,26,5,4,25486,0,20,5,0,0,1,1,5
96,1,96,1,PARITY_ERROR,16,96,91,93,50,5,7,8,26,5,4,25486,0,21,1,0,1,1,1,1
97,1,97,5,INVALID_LABEL,-1,97,92,94,50,5,7,8,27,5,4,25486,0,22,5,0,0,1,1,5
98,1,98,1,PARITY_ERROR,8,98,93,95,51,5,7,8,27,5,4,25486,0,23,1,0,1,1,1,1
99,1,99,5,INVALID_LABEL,-1,99,94,96,51,5,7,8,28,5,4,25486,0,24,5,0,0,1,1,5
100,1,100,5,INVALID_LABEL,-1,100,95,97,51,5,7,8,29,5,4,25486,0,25,5,0,0,1,1,5
101,1,101,5,INVALID_LABEL,-1,101,96,98,51,5,7,8,30,5,4,25486,0,26,5,0,0,1,1,5
102,1,102,0,NORMAL,-1,102,97,98,51,5,7,8,30,5,4,25486,0,0,5,0,0,1,1,0
103,1,103,1,PARITY_ERROR,30,103,98,99,52,5,7,8,30,5,4,25486,0,1,1,0,1,1,1,1
104,1,104,1,PARITY_ERROR,27,104,99,100,53,5,7,8,30,5,4,25486,0,2,1,0,1,1,1,1
105,1,105,1,PARITY_ERROR,24,105,100,101,54,5,7,8,30,5,4,25486,0,3,1,0,1,1,1,1
106,1,106,1,PARITY_ERROR,12,106,101,102,55,5,7,8,30,5,4,25486,0,4,1,0,1,1,1,1
107,1,107,7,BUS_IDLE_ERROR,-1,107,101,103,55,5,7,8,30,5,5,25614,0,5,7,0,0,0,0,7
108,1,108,0,NORMAL,-1,108,102,103,55,5,7,8,30,5,5,25614,0,0,7,0,0,1,1,0
109,1,109,5,INVALID_LABEL,-1,109,103,104,55,5,7,8,31,5,5,25614,0,1,5,0,0,1,1,5
110,1,110,0,NORMAL,-1,110,104,104,55,5,7,8,31,5,5,25614,0,0,5,0,0,1,1,0
111,1,111,0,NORMAL,-1,111,105,104,55,5,7,8,31,5,5,25614,0,0,5,0,0,1,1,0
112,1,112,0,NORMAL,-1,112,106,104,55,5,7,8,31,5,5,25614,0,0,5,0,0,1,1,0
113,1,113,0,NORMAL,-1,113,107,104,55,5,7,8,31,5,5,25614,0,0,5,0,0,1,1,0
114,1,114,0,NORMAL,-1,114,108,104,55,5,7,8,31,5,5,25614,0,0,5,0,0,1,1,0
115,1,115,1,PARITY_ERROR,13,115,109,105,56,5,7,8,31,5,5,25614,0,1,1,0,1,1,1,1
116,1,116,0,NORMAL,-1,116,110,105,56,5,7,8,31,5,5,25614,0,0,1,0,0,1,1,0
117,1,117,5,INVALID_LABEL,-1,117,111,106,56,5,7,8,32,5,5,25614,0,1,5,0,0,1,1,5
118,1,118,0,NORMAL,-1,118,112,106,56,5,7,8,32,5,5,25614,0,0,5,0,0,1,1,0
119,1,119,0,NORMAL,-1,119,113,106,56,5,7,8,32,5,5,25614,0,0,5,0,0,1,1,0
120,1,120,0,NORMAL,-1,120,114,106,56,5,7,8,32,5,5,25614,0,0,5,0,0,1,1,0
121,1,121,0,NORMAL,-1,121,115,106,56,5,7,8,32,5,5,25614,0,0,5,0,0,1,1,0
122,1,122,0,NORMAL,-1,122,116,106,56,5,7,8,32,5,5,25614,0,0,5,0,0,1,1,0
123,1,123,0,NORMAL,-1,123,117,106,56,5,7,8,32,5,5,25614,0,0,5,0,0,1,1,0
124,1,124,3,FIFO_OVERFLOW,-1,124,118,107,56,5,8,8,32,5,5,25614,0,1,3,0,0,1,1,3
125,1,125,4,FIFO_UNDERFLOW,-1,125,119,108,56,5,8,9,32,5,5,25614,0,2,4,0,0,1,1,4
126,1,126,0,NORMAL,-1,126,120,108,56,5,8,9,32,5,5,25614,0,0,4,0,0,1,1,0
127,1,127,0,NORMAL,-1,127,121,108,56,5,8,9,32,5,5,25614,0,0,4,0,0,1,1,0
128,1,128,0,NORMAL,-1,128,122,108,56,5,8,9,32,5,5,25614,0,0,4,0,0,1,1,0
129,1,129,0,NORMAL,-1,129,123,108,56,5,8,9,32,5,5,25614,0,0,4,0,0,1,1,0
130,1,130,0,NORMAL,-1,130,124,108,56,5,8,9,32,5,5,25614,0,0,4,0,0,1,1,0
131,1,131,0,NORMAL,-1,131,125,108,56,5,8,9,32,5,5,25614,0,0,4,0,0,1,1,0
132,1,132,5,INVALID_LABEL,-1,132,126,109,56,5,8,9,33,5,5,25614,0,1,5,0,0,1,1,5
133,1,133,1,PARITY_ERROR,30,133,127,110,57,5,8,9,33,5,5,25614,0,2,1,0,1,1,1,1
134,1,134,0,NORMAL,-1,134,128,110,57,5,8,9,33,5,5,25614,0,0,1,0,0,1,1,0
135,1,135,0,NORMAL,-1,135,129,110,57,5,8,9,33,5,5,25614,0,0,1,0,0,1,1,0
136,1,136,3,FIFO_OVERFLOW,-1,136,130,111,57,5,9,9,33,5,5,25614,0,1,3,0,0,1,1,3
137,1,137,1,PARITY_ERROR,18,137,131,112,58,5,9,9,33,5,5,25614,0,2,1,0,1,1,1,1
138,1,138,1,PARITY_ERROR,28,138,132,113,59,5,9,9,33,5,5,25614,0,3,1,0,1,1,1,1
139,1,139,1,PARITY_ERROR,14,139,133,114,60,5,9,9,33,5,5,25614,0,4,1,0,1,1,1,1
140,1,140,1,PARITY_ERROR,20,140,134,115,61,5,9,9,33,5,5,25614,0,5,1,0,1,1,1,1
141,1,141,3,FIFO_OVERFLOW,-1,141,135,116,61,5,11,9,33,6,5,25614,0,6,3,0,0,1,1,3
142,1,142,1,PARITY_ERROR,28,142,136,117,62,5,11,9,33,6,5,25614,0,7,1,0,1,1,1,1
143,1,143,4,FIFO_UNDERFLOW,-1,143,137,118,62,5,11,11,33,6,5,25614,0,8,4,0,0,1,1,4
144,1,144,2,COMMUNICATION_TIMEOUT,-1,144,138,119,62,6,11,11,33,6,5,15751,0,9,2,0,1,1,1,2
145,1,145,1,PARITY_ERROR,16,145,139,120,63,6,11,11,33,6,5,15751,0,10,1,0,1,1,1,1
146,1,146,1,PARITY_ERROR,18,146,140,121,64,6,11,11,33,6,5,15751,0,11,1,0,1,1,1,1
147,1,147,1,PARITY_ERROR,6,147,141,122,65,6,11,11,33,6,5,15751,0,12,1,0,1,1,1,1
148,1,148,1,PARITY_ERROR,22,148,142,123,66,6,11,11,33,6,5,15751,0,13,1,0,1,1,1,1
149,1,149,1,PARITY_ERROR,27,149,143,124,67,6,11,11,33,7,5,15751,0,14,1,0,1,1,1,1
150,1,150,5,INVALID_LABEL,-1,150,144,125,67,6,11,11,34,7,5,15751,0,15,5,0,0,1,1,5
151,1,151,5,INVALID_LABEL,-1,151,145,126,67,6,11,11,35,7,5,15751,0,16,5,0,0,1,1,5
152,1,152,5,INVALID_LABEL,-1,152,146,127,67,6,11,11,36,7,5,15751,0,17,5,0,0,1,1,5
153,1,153,1,PARITY_ERROR,22,153,147,128,68,6,11,11,36,8,5,15751,0,18,1,0,1,1,1,1
154,1,154,0,NORMAL,-1,154,148,128,68,6,11,11,36,8,5,15751,0,0,1,0,0,1,1,0
155,1,155,7,BUS_IDLE_ERROR,-1,155,148,129,68,6,11,11,36,8,6,24499,0,1,7,0,0,0,0,7
156,1,156,1,PARITY_ERROR,21,156,149,130,69,6,11,11,36,8,6,24499,0,2,1,0,1,1,1,1
157,1,157,5,INVALID_LABEL,-1,157,150,131,69,6,11,11,37,8,6,24499,0,3,5,0,0,1,1,5
158,1,158,0,NORMAL,-1,158,151,131,69,6,11,11,37,8,6,24499,0,0,5,0,0,1,1,0
159,1,159,5,INVALID_LABEL,-1,159,152,132,69,6,11,11,38,8,6,24499,0,1,5,0,0,1,1,5
160,1,160,0,NORMAL,-1,160,153,132,69,6,11,11,38,8,6,24499,0,0,5,0,0,1,1,0
161,1,161,0,NORMAL,-1,161,154,132,69,6,11,11,38,8,6,24499,0,0,5,0,0,1,1,0
162,1,162,0,NORMAL,-1,162,155,132,69,6,11,11,38,8,6,24499,0,0,5,0,0,1,1,0
163,1,163,1,PARITY_ERROR,16,163,156,133,70,6,11,11,38,8,6,24499,0,1,1,0,1,1,1,1
164,1,164,0,NORMAL,-1,164,157,133,70,6,11,11,38,8,6,24499,0,0,1,0,0,1,1,0
165,1,165,0,NORMAL,-1,165,158,133,70,6,11,11,38,8,6,24499,0,0,1,0,0,1,1,0
166,1,166,4,FIFO_UNDERFLOW,-1,166,159,134,70,6,11,14,38,8,6,24499,0,1,4,0,0,1,1,4
167,1,167,3,FIFO_OVERFLOW,-1,167,160,135,70,6,13,14,38,8,6,24499,0,2,3,0,0,1,1,3
168,1,168,0,NORMAL,-1,168,161,135,70,6,13,14,38,8,6,24499,0,0,3,0,0,1,1,0
169,1,169,7,BUS_IDLE_ERROR,-1,169,161,136,70,6,13,14,38,8,7,24295,0,1,7,0,0,0,0,7
170,1,170,5,INVALID_LABEL,-1,170,162,137,70,6,13,14,39,8,7,24295,0,2,5,0,0,1,1,5
171,1,171,5,INVALID_LABEL,-1,171,163,138,70,6,13,14,40,8,7,24295,0,3,5,0,0,1,1,5
172,1,172,1,PARITY_ERROR,31,172,164,139,71,6,13,14,40,8,7,24295,0,4,1,0,1,1,1,1
173,1,173,5,INVALID_LABEL,-1,173,165,140,71,6,13,14,41,8,7,24295,0,5,5,0,0,1,1,5
174,1,174,5,INVALID_LABEL,-1,174,166,141,71,6,13,14,42,8,7,24295,0,6,5,0,0,1,1,5
175,1,175,5,INVALID_LABEL,-1,175,167,142,71,6,13,14,43,8,7,24295,0,7,5,0,0,1,1,5
176,1,176,5,INVALID_LABEL,-1,176,168,143,71,6,13,14,44,9,7,24295,0,8,5,0,0,1,1,5
177,1,177,1,PARITY_ERROR,31,177,169,144,72,6,13,14,44,9,7,24295,0,9,1,0,1,1,1,1
178,1,178,1,PARITY_ERROR,16,178,170,145,73,6,13,14,44,9,7,24295,0,10,1,0,1,1,1,1
179,1,179,5,INVALID_LABEL,-1,179,171,146,73,6,13,14,45,9,7,24295,0,11,5,0,0,1,1,5
180,1,180,5,INVALID_LABEL,-1,180,172,147,73,6,13,14,46,9,7,24295,0,12,5,0,0,1,1,5
181,1,181,1,PARITY_ERROR,12,181,173,148,74,6,13,14,46,9,7,24295,0,13,1,0,1,1,1,1
182,1,182,1,PARITY_ERROR,28,182,174,149,75,6,13,14,46,9,7,24295,0,14,1,0,1,1,1,1
183,1,183,1,PARITY_ERROR,30,183,175,150,76,6,13,14,46,9,7,24295,0,15,1,0,1,1,1,1
184,1,184,1,PARITY_ERROR,1,184,176,151,77,6,13,14,46,9,7,24295,0,16,1,0,1,1,1,1
185,1,185,1,PARITY_ERROR,9,185,177,152,78,6,13,14,46,9,7,24295,0,17,1,0,1,1,1,1
186,1,186,0,NORMAL,-1,186,178,152,78,6,13,14,46,9,7,24295,0,0,8,0,0,1,1,0
187,1,187,0,NORMAL,-1,187,179,152,78,6,13,14,46,9,7,24295,0,0,8,0,0,1,1,0
188,1,188,5,INVALID_LABEL,-1,188,180,153,78,6,13,14,47,9,7,24295,0,1,5,0,0,1,1,5
189,1,189,0,NORMAL,-1,189,181,153,78,6,13,14,47,9,7,24295,0,0,5,0,0,1,1,0
190,1,190,0,NORMAL,-1,190,182,153,78,6,13,14,47,9,7,24295,0,0,5,0,0,1,1,0
191,1,191,7,BUS_IDLE_ERROR,-1,191,182,154,78,6,13,14,47,9,8,25758,0,1,7,0,0,0,0,7
192,1,192,0,NORMAL,-1,192,183,154,78,6,13,14,47,9,8,25758,0,0,7,0,0,1,1,0
193,1,193,5,INVALID_LABEL,-1,193,184,155,78,6,13,14,48,9,8,25758,0,1,5,0,0,1,1,5
194,1,194,0,NORMAL,-1,194,185,155,78,6,13,14,48,9,8,25758,0,0,5,0,0,1,1,0
195,1,195,1,PARITY_ERROR,18,195,186,156,79,6,13,14,48,9,8,25758,0,1,1,0,1,1,1,1
196,1,196,1,PARITY_ERROR,6,196,187,157,80,6,13,14,48,9,8,25758,0,2,1,0,1,1,1,1
197,1,197,1,PARITY_ERROR,22,197,188,158,81,6,13,14,48,9,8,25758,0,3,1,0,1,1,1,1
198,1,198,0,NORMAL,-1,198,189,158,81,6,13,14,48,9,8,25758,0,0,1,0,0,1,1,0
199,1,199,5,INVALID_LABEL,-1,199,190,159,81,6,13,14,49,9,8,25758,0,1,5,0,0,1,1,5
200,1,200,5,INVALID_LABEL,-1,200,191,160,81,6,13,14,50,9,8,25758,0,2,5,0,0,1,1,5
201,1,201,1,PARITY_ERROR,3,201,192,161,82,6,13,14,50,9,8,25758,0,3,1,0,1,1,1,1
202,1,202,5,INVALID_LABEL,-1,202,193,162,82,6,13,14,51,9,8,25758,0,4,5,0,0,1,1,5
203,1,203,5,INVALID_LABEL,-1,203,194,163,82,6,13,14,52,9,8,25758,0,5,5,0,0,1,1,5
204,1,204,5,INVALID_LABEL,-1,204,195,164,82,6,13,14,53,9,8,25758,0,6,5,0,0,1,1,5
205,1,205,5,INVALID_LABEL,-1,205,196,165,82,6,13,14,54,9,8,25758,0,7,5,0,0,1,1,5
206,1,206,5,INVALID_LABEL,-1,206,197,166,82,6,13,14,55,9,8,25758,0,8,5,0,0,1,1,5
207,1,207,5,INVALID_LABEL,-1,207,198,167,82,6,13,14,56,9,8,25758,0,9,5,0,0,1,1,5
208,1,208,1,PARITY_ERROR,30,208,199,168,83,6,13,14,56,10,8,25758,0,10,1,0,1,1,1,1
209,1,209,1,PARITY_ERROR,23,209,200,169,84,6,13,14,56,10,8,25758,0,11,1,0,1,1,1,1
210,1,210,5,INVALID_LABEL,-1,210,201,170,84,6,13,14,57,10,8,25758,0,12,5,0,0,1,1,5
211,1,211,0,NORMAL,-1,211,202,170,84,6,13,14,57,10,8,25758,0,0,5,0,0,1,1,0
212,1,212,5,INVALID_LABEL,-1,212,203,171,84,6,13,14,58,10,8,25758,0,1,5,0,0,1,1,5
213,1,213,0,NORMAL,-1,213,204,171,84,6,13,14,58,10,8,25758,0,0,5,0,0,1,1,0
214,1,214,5,INVALID_LABEL,-1,214,205,172,84,6,13,14,59,10,8,25758,0,1,5,0,0,1,1,5
215,1,215,5,INVALID_LABEL,-1,215,206,173,84,6,13,14,60,10,8,25758,0,2,5,0,0,1,1,5
216,1,216,0,NORMAL,-1,216,207,173,84,6,13,14,60,10,8,25758,0,0,5,0,0,1,1,0
217,1,217,1,PARITY_ERROR,2,217,208,174,85,6,13,14,60,10,8,25758,0,1,1,0,1,1,1,1
218,1,218,0,NORMAL,-1,218,209,174,85,6,13,14,60,10,8,25758,0,0,1,0,0,1,1,0
219,1,219,0,NORMAL,-1,219,210,174,85,6,13,14,60,10,8,25758,0,0,1,0,0,1,1,0
220,1,220,0,NORMAL,-1,220,211,174,85,6,13,14,60,10,8,25758,0,0,8,0,0,1,1,0
221,1,220,99,RESET_ABORT,-1,220,211,174,85,6,13,14,60,10,8,25758,0,0,8,0,0,0,0,99
222,1,220,99,RESET_ABORT,-1,220,211,174,85,6,13,14,60,10,8,25758,0,0,8,0,0,0,0,99
223,1,221,1,PARITY_ERROR,7,221,212,175,86,6,13,14,60,10,8,25758,0,1,1,0,1,1,1,1
224,1,221,99,RESET_ABORT,-1,221,212,175,86,6,13,14,60,10,8,25758,0,1,1,0,0,0,0,99
225,1,221,99,RESET_ABORT,-1,221,212,175,86,6,13,14,60,10,8,25758,0,1,1,0,0,0,0,99
