sample_id,seed,row_type,transaction_id,window_id,event_id,ref_transaction_id,fault_class,underlying_fault_type,fault_position,word_bit_position,original_label,injected_label,label_supported,total_transactions,valid_transactions,errors_observed,faults_injected,fault_tests,parity_error_count,timeout_count,fifo_overflow_count,fifo_underflow_count,invalid_label_count,repeated_error_count,bus_idle_count,idle_duration,idle_threshold,consecutive_error_count,error_rate_pct,high_error_rate_threshold_pct,high_error_rate_condition,repeat_count,successful_transactions_between_errors,last_error_type,rx_word_mismatch,parity_error,rx_valid,tx_done,window_size,window_faulty,dominant_error_type,detection_status,verification_status,expected_limitation_flag,health_label
1,1,0,1,-1,-1,-1,0,-1,-1,4294967295,5,5,1,1,1,0,0,0,0,0,0,0,0,0,0,0,22000,0,0,30,-1,0,0,0,0,0,1,1,0,0,-1,0,1,0,0
2,1,0,2,-1,-1,-1,0,-1,-1,4294967295,101,101,1,2,2,0,0,0,0,0,0,0,0,0,0,0,22000,0,0,30,-1,0,0,0,0,0,1,1,0,0,-1,0,1,0,0
3,1,0,3,-1,-1,-1,1,-1,0,7,53,53,1,3,3,1,1,1,1,0,0,0,0,0,0,0,22000,1,0,30,-1,0,0,1,0,1,1,1,0,0,-1,1,1,0,1
4,1,0,4,-1,-1,-1,1,-1,1,6,101,101,1,4,4,2,2,2,2,0,0,0,0,0,0,0,22000,2,0,30,-1,0,0,1,0,1,1,1,0,0,-1,1,1,0,1
5,1,0,5,-1,-1,-1,1,-1,2,5,101,101,1,5,5,3,3,3,3,0,0,0,0,0,0,0,22000,3,0,30,-1,0,0,1,0,1,1,1,0,0,-1,1,1,0,1
6,1,0,6,-1,-1,-1,1,-1,3,4,53,53,1,6,6,4,4,4,4,0,0,0,0,0,0,0,22000,4,0,30,-1,0,0,1,0,1,1,1,0,0,-1,1,1,0,1
7,1,0,7,-1,-1,-1,1,-1,4,3,21,21,1,7,7,5,5,5,5,0,0,0,0,0,0,0,22000,5,0,30,-1,0,0,1,0,1,1,1,0,0,-1,1,1,0,1
8,1,0,8,-1,-1,-1,1,-1,5,2,117,117,1,8,8,6,6,6,6,0,0,0,0,0,0,0,22000,6,0,30,-1,0,0,1,0,1,1,1,0,0,-1,1,1,0,1
9,1,0,9,-1,-1,-1,1,-1,6,1,85,85,1,9,9,7,7,7,7,0,0,0,0,0,0,0,22000,7,0,30,-1,0,0,1,0,1,1,1,0,0,-1,1,1,0,1
10,1,0,10,-1,-1,-1,1,-1,7,0,53,53,1,10,10,8,8,8,8,0,0,0,0,0,0,0,22000,8,0,30,-1,0,0,1,0,1,1,1,0,0,-1,1,1,0,1
11,1,0,11,-1,-1,-1,1,-1,8,8,5,5,1,11,11,9,9,9,9,0,0,0,0,0,0,0,22000,9,0,30,-1,0,0,1,0,1,1,1,0,0,-1,1,1,0,1
12,1,0,12,-1,-1,-1,1,-1,9,9,85,85,1,12,12,10,10,10,10,0,0,0,0,0,0,0,22000,10,0,30,-1,0,0,1,0,1,1,1,0,0,-1,1,1,0,1
13,1,0,13,-1,-1,-1,1,-1,10,10,21,21,1,13,13,11,11,11,11,0,0,0,0,0,0,0,22000,11,0,30,-1,0,0,1,0,1,1,1,0,0,-1,1,1,0,1
14,1,0,14,-1,-1,-1,1,-1,11,11,53,53,1,14,14,12,12,12,12,0,0,0,0,0,0,0,22000,12,0,30,-1,0,0,1,0,1,1,1,0,0,-1,1,1,0,1
15,1,0,15,-1,-1,-1,1,-1,12,12,117,117,1,15,15,13,13,13,13,0,0,0,0,0,0,0,22000,13,0,30,-1,0,0,1,0,1,1,1,0,0,-1,1,1,0,1
16,1,0,16,-1,-1,-1,1,-1,13,13,117,117,1,16,16,14,14,14,14,0,0,0,0,0,0,0,22000,14,0,30,-1,0,0,1,0,1,1,1,0,0,-1,1,1,0,1
17,1,0,17,-1,-1,-1,1,-1,14,14,5,5,1,17,17,15,15,15,15,0,0,0,0,0,0,0,22000,15,0,30,-1,0,0,1,0,1,1,1,0,0,-1,1,1,0,1
18,1,0,18,-1,-1,-1,1,-1,15,15,85,85,1,18,18,16,16,16,16,0,0,0,0,0,0,0,22000,16,0,30,-1,0,0,1,0,1,1,1,0,0,-1,1,1,0,1
19,1,0,19,-1,-1,-1,1,-1,16,16,69,69,1,19,19,17,17,17,17,0,0,0,0,0,0,0,22000,17,0,30,-1,0,0,1,0,1,1,1,0,0,-1,1,1,0,1
20,1,0,20,-1,-1,-1,1,-1,17,17,117,117,1,20,20,18,18,18,18,0,0,0,0,0,0,0,22000,18,0,30,-1,0,0,1,0,1,1,1,0,0,-1,1,1,0,1
21,1,0,21,-1,-1,-1,1,-1,18,18,85,85,1,21,21,19,19,19,19,0,0,0,0,0,0,0,22000,19,0,30,-1,0,0,1,0,1,1,1,0,0,-1,1,1,0,1
22,1,0,22,-1,-1,-1,1,-1,19,19,5,5,1,22,22,20,20,20,20,0,0,0,0,0,0,0,22000,20,0,30,-1,0,0,1,0,1,1,1,0,0,-1,1,1,0,1
23,1,0,23,-1,-1,-1,1,-1,20,20,37,37,1,23,23,21,21,21,21,0,0,0,0,0,0,0,22000,21,0,30,-1,0,0,1,0,1,1,1,0,0,-1,1,1,0,1
24,1,0,24,-1,-1,-1,1,-1,21,21,5,5,1,24,24,22,22,22,22,0,0,0,0,0,0,0,22000,22,0,30,-1,0,0,1,0,1,1,1,0,0,-1,1,1,0,1
25,1,0,25,-1,-1,-1,1,-1,22,22,117,117,1,25,25,23,23,23,23,0,0,0,0,0,0,0,22000,23,0,30,-1,0,0,1,0,1,1,1,0,0,-1,1,1,0,1
26,1,0,26,-1,-1,-1,1,-1,23,23,69,69,1,26,26,24,24,24,24,0,0,0,0,0,0,0,22000,24,0,30,-1,0,0,1,0,1,1,1,0,0,-1,1,1,0,1
27,1,0,27,-1,-1,-1,1,-1,24,24,53,53,1,27,27,25,25,25,25,0,0,0,0,0,0,0,22000,25,0,30,-1,0,0,1,0,1,1,1,0,0,-1,1,1,0,1
28,1,0,28,-1,-1,-1,1,-1,25,25,85,85,1,28,28,26,26,26,26,0,0,0,0,0,0,0,22000,26,0,30,-1,0,0,1,0,1,1,1,0,0,-1,1,1,0,1
29,1,0,29,-1,-1,-1,1,-1,26,26,53,53,1,29,29,27,27,27,27,0,0,0,0,0,0,0,22000,27,0,30,-1,0,0,1,0,1,1,1,0,0,-1,1,1,0,1
30,1,0,30,-1,-1,-1,1,-1,27,27,5,5,1,30,30,28,28,28,28,0,0,0,0,0,0,0,22000,28,0,30,-1,0,0,1,0,1,1,1,0,0,-1,1,1,0,1
31,1,0,31,-1,-1,-1,1,-1,28,28,37,37,1,31,31,29,29,29,29,0,0,0,0,0,0,0,22000,29,0,30,-1,0,0,1,0,1,1,1,0,0,-1,1,1,0,1
32,1,0,32,-1,-1,-1,1,-1,29,29,53,53,1,32,32,30,30,30,30,0,0,0,0,0,0,0,22000,30,0,30,-1,0,0,1,0,1,1,1,0,0,-1,1,1,0,1
33,1,0,33,-1,-1,-1,1,-1,30,30,101,101,1,33,33,31,31,31,31,0,0,0,0,0,0,0,22000,31,0,30,-1,0,0,1,0,1,1,1,0,0,-1,1,1,0,1
34,1,0,34,-1,-1,-1,1,-1,31,31,117,117,1,34,34,32,32,32,32,0,0,0,0,0,0,0,22000,32,0,30,-1,0,0,1,0,1,1,1,0,0,-1,1,1,0,1
35,1,0,35,-1,-1,-1,1,20,0,7,101,101,1,35,35,33,33,33,32,0,0,0,0,0,0,0,22000,33,0,30,-1,0,0,1,0,0,1,1,0,0,-1,3,1,1,1
36,1,0,36,-1,-1,-1,1,20,29,29,37,37,1,36,36,34,34,34,32,0,0,0,0,0,0,0,22000,34,0,30,-1,0,0,1,0,0,1,1,0,0,-1,3,1,1,1
37,1,0,37,-1,-1,-1,2,-1,-1,4294967295,-1,-1,-1,37,37,35,35,35,32,1,0,0,0,0,0,15751,22000,35,0,30,-1,0,0,2,0,1,1,1,0,0,-1,3,1,1,2
38,1,0,38,-1,-1,-1,2,-1,-1,4294967295,-1,-1,-1,38,38,36,36,36,32,2,0,0,0,0,0,15751,22000,36,0,30,-1,0,0,2,0,1,1,1,0,0,-1,3,1,1,2
39,1,0,39,-1,-1,-1,2,-1,-1,4294967295,-1,-1,-1,39,38,37,37,37,32,3,0,0,0,0,0,22000,22000,37,0,30,-1,0,0,2,0,1,0,1,0,0,-1,3,1,1,2
40,1,0,40,-1,-1,-1,2,-1,-1,4294967295,-1,-1,-1,40,39,38,38,38,32,4,0,0,0,0,0,15751,22000,38,0,30,-1,0,0,2,0,1,1,0,0,0,-1,3,1,1,2
41,1,2,-1,-1,0,41,3,-1,-1,4294967295,-1,-1,-1,41,40,40,40,39,32,4,2,0,0,0,0,0,22000,39,0,30,-1,0,0,3,0,0,1,1,0,0,-1,3,1,1,3
42,1,2,-1,-1,1,42,4,-1,-1,4294967295,-1,-1,-1,42,41,42,42,40,32,4,2,2,0,0,0,0,22000,40,0,30,-1,0,0,4,0,0,1,1,0,0,-1,3,1,1,4
43,1,0,43,-1,-1,-1,5,-1,-1,4294967295,37,0,0,43,42,43,43,41,32,4,2,2,1,0,0,0,22000,41,0,30,-1,0,0,5,0,0,1,1,0,0,-1,3,1,1,5
44,1,0,44,-1,-1,-1,5,-1,-1,4294967295,53,255,0,44,43,44,44,42,32,4,2,2,2,0,0,0,22000,42,0,30,-1,0,0,5,0,0,1,1,0,0,-1,3,1,1,5
45,1,2,-1,-1,2,-1,7,-1,-1,4294967295,-1,-1,-1,45,43,45,45,43,32,4,2,2,2,0,1,22045,22000,43,0,30,-1,0,0,7,0,0,0,0,0,0,-1,3,1,1,7
46,1,0,46,-1,-1,-1,0,-1,-1,4294967295,37,37,1,46,44,45,45,43,32,4,2,2,2,0,1,0,22000,0,0,30,-1,0,0,7,0,0,1,1,0,0,-1,0,1,0,0
47,1,0,47,-1,-1,-1,0,-1,-1,4294967295,117,117,1,47,45,45,45,44,32,4,2,2,2,0,1,0,22000,0,0,30,-1,0,0,7,0,0,1,1,0,0,-1,0,1,0,0
48,1,0,48,-1,-1,-1,0,-1,-1,4294967295,117,117,1,48,46,45,45,44,32,4,2,2,2,0,1,0,22000,0,0,30,-1,0,0,7,0,0,1,1,0,0,-1,0,1,0,0
49,1,0,49,-1,-1,-1,0,-1,-1,4294967295,5,5,1,49,47,45,45,44,32,4,2,2,2,0,1,0,22000,0,0,30,-1,0,0,7,0,0,1,1,0,0,-1,0,1,0,0
50,1,0,50,-1,-1,-1,0,-1,-1,4294967295,85,85,1,50,48,45,45,44,32,4,2,2,2,0,1,0,22000,0,0,30,-1,0,0,7,0,0,1,1,0,0,-1,0,1,0,0
51,1,0,51,-1,-1,-1,0,-1,-1,4294967295,5,5,1,51,49,45,45,44,32,4,2,2,2,0,1,0,22000,0,0,30,-1,0,0,7,0,0,1,1,0,0,-1,0,1,0,0
52,1,0,52,-1,-1,-1,0,-1,-1,4294967295,21,21,1,52,50,45,45,44,32,4,2,2,2,0,1,0,22000,0,0,30,-1,0,0,7,0,0,1,1,0,0,-1,0,1,0,0
53,1,0,53,-1,-1,-1,0,-1,-1,4294967295,101,101,1,53,51,45,45,44,32,4,2,2,2,0,1,0,22000,0,0,30,-1,0,0,7,0,0,1,1,0,0,-1,0,1,0,0
54,1,0,54,-1,-1,-1,0,-1,-1,4294967295,37,37,1,54,52,45,45,44,32,4,2,2,2,0,1,0,22000,0,0,30,-1,0,0,7,0,0,1,1,0,0,-1,0,1,0,0
55,1,0,55,-1,-1,-1,0,-1,-1,4294967295,5,5,1,55,53,45,45,44,32,4,2,2,2,0,1,0,22000,0,0,30,-1,0,0,7,0,0,1,1,0,0,-1,0,1,0,0
56,1,0,56,-1,-1,-1,0,-1,-1,4294967295,117,117,1,56,54,45,45,44,32,4,2,2,2,0,1,0,22000,0,0,30,-1,0,0,7,0,0,1,1,0,0,-1,0,1,0,0
57,1,1,-1,1,-1,-1,0,-1,-1,4294967295,-1,-1,-1,56,54,45,45,44,32,4,2,2,2,0,1,0,22000,0,0,30,0,0,0,0,0,0,0,0,10,0,-1,4,1,0,0
58,1,0,57,-1,-1,-1,5,-1,-1,4294967295,37,239,0,57,55,46,46,46,32,4,2,2,3,0,1,0,22000,1,0,30,-1,0,0,5,0,0,1,1,0,0,-1,3,1,1,5
59,1,0,58,-1,-1,-1,0,-1,-1,4294967295,53,53,1,58,56,46,46,46,32,4,2,2,3,0,1,0,22000,0,0,30,-1,0,0,5,0,0,1,1,0,0,-1,0,1,0,0
60,1,0,59,-1,-1,-1,0,-1,-1,4294967295,85,85,1,59,57,46,46,46,32,4,2,2,3,0,1,0,22000,0,0,30,-1,0,0,5,0,0,1,1,0,0,-1,0,1,0,0
61,1,0,60,-1,-1,-1,0,-1,-1,4294967295,21,21,1,60,58,46,46,46,32,4,2,2,3,0,1,0,22000,0,0,30,-1,0,0,5,0,0,1,1,0,0,-1,0,1,0,0
62,1,0,61,-1,-1,-1,0,-1,-1,4294967295,101,101,1,61,59,46,46,46,32,4,2,2,3,0,1,0,22000,0,0,30,-1,0,0,5,0,0,1,1,0,0,-1,0,1,0,0
63,1,0,62,-1,-1,-1,0,-1,-1,4294967295,5,5,1,62,60,46,46,46,32,4,2,2,3,0,1,0,22000,0,0,30,-1,0,0,5,0,0,1,1,0,0,-1,0,1,0,0
64,1,0,63,-1,-1,-1,5,-1,-1,4294967295,37,169,0,63,61,47,47,47,32,4,2,2,4,0,1,0,22000,1,0,30,-1,0,0,5,0,0,1,1,0,0,-1,3,1,1,5
65,1,0,64,-1,-1,-1,5,-1,-1,4294967295,37,175,0,64,62,48,48,48,32,4,2,2,5,0,1,0,22000,2,0,30,-1,0,0,5,0,0,1,1,0,0,-1,3,1,1,5
66,1,0,65,-1,-1,-1,0,-1,-1,4294967295,37,37,1,65,63,48,48,48,32,4,2,2,5,0,1,0,22000,0,0,30,-1,0,0,5,0,0,1,1,0,0,-1,0,1,0,0
67,1,0,66,-1,-1,-1,0,-1,-1,4294967295,85,85,1,66,64,48,48,48,32,4,2,2,5,0,1,0,22000,0,0,30,-1,0,0,5,0,0,1,1,0,0,-1,0,1,0,0
68,1,0,67,-1,-1,-1,0,-1,-1,4294967295,85,85,1,67,65,48,48,48,32,4,2,2,5,0,1,0,22000,0,0,30,-1,0,0,5,0,0,1,1,0,0,-1,0,1,0,0
69,1,0,68,-1,-1,-1,0,-1,-1,4294967295,101,101,1,68,66,48,48,48,32,4,2,2,5,0,1,0,22000,0,0,30,-1,0,0,5,0,0,1,1,0,0,-1,0,1,0,0
70,1,0,69,-1,-1,-1,0,-1,-1,4294967295,101,101,1,69,67,48,48,48,32,4,2,2,5,0,1,0,22000,0,0,30,-1,0,0,5,0,0,1,1,0,0,-1,0,1,0,0
71,1,0,70,-1,-1,-1,5,-1,-1,4294967295,85,224,0,70,68,49,49,49,32,4,2,2,6,0,1,0,22000,1,0,30,-1,0,0,5,0,0,1,1,0,0,-1,3,1,1,5
72,1,0,71,-1,-1,-1,0,-1,-1,4294967295,85,85,1,71,69,49,49,49,32,4,2,2,6,0,1,0,22000,0,0,30,-1,0,0,5,0,0,1,1,0,0,-1,0,1,0,0
73,1,0,72,-1,-1,-1,0,-1,-1,4294967295,53,53,1,72,70,49,49,49,32,4,2,2,6,0,1,0,22000,0,0,30,-1,0,0,5,0,0,1,1,0,0,-1,0,1,0,0
74,1,0,73,-1,-1,-1,0,-1,-1,4294967295,5,5,1,73,71,49,49,49,32,4,2,2,6,0,1,0,22000,0,0,30,-1,0,0,5,0,0,1,1,0,0,-1,0,1,0,0
75,1,0,74,-1,-1,-1,0,-1,-1,4294967295,21,21,1,74,72,49,49,49,32,4,2,2,6,0,1,0,22000,0,0,30,-1,0,0,5,0,0,1,1,0,0,-1,0,1,0,0
76,1,0,75,-1,-1,-1,0,-1,-1,4294967295,21,21,1,75,73,49,49,49,32,4,2,2,6,0,1,0,22000,0,0,30,-1,0,0,5,0,0,1,1,0,0,-1,0,1,0,0
77,1,0,76,-1,-1,-1,0,-1,-1,4294967295,69,69,1,76,74,49,49,49,32,4,2,2,6,0,1,0,22000,0,0,30,-1,0,0,5,0,0,1,1,0,0,-1,0,1,0,0
78,1,0,77,-1,-1,-1,0,-1,-1,4294967295,69,69,1,77,75,49,49,49,32,4,2,2,6,0,1,0,22000,0,0,30,-1,0,0,5,0,0,1,1,0,0,-1,0,1,0,0
79,1,0,78,-1,-1,-1,0,-1,-1,4294967295,53,53,1,78,76,49,49,49,32,4,2,2,6,0,1,0,22000,0,0,30,-1,0,0,5,0,0,1,1,0,0,-1,0,1,0,0
80,1,0,79,-1,-1,-1,0,-1,-1,4294967295,5,5,1,79,77,49,49,49,32,4,2,2,6,0,1,0,22000,0,0,30,-1,0,0,5,0,0,1,1,0,0,-1,0,1,0,0
81,1,0,80,-1,-1,-1,0,-1,-1,4294967295,37,37,1,80,78,49,49,49,32,4,2,2,6,0,1,0,22000,0,0,30,-1,0,0,5,0,0,1,1,0,0,-1,0,1,0,0
82,1,0,81,-1,-1,-1,0,-1,-1,4294967295,37,37,1,81,79,49,49,49,32,4,2,2,6,0,1,0,22000,0,0,30,-1,0,0,5,0,0,1,1,0,0,-1,0,1,0,0
83,1,0,82,-1,-1,-1,0,-1,-1,4294967295,85,85,1,82,80,49,49,49,32,4,2,2,6,0,1,0,22000,0,0,30,-1,0,0,5,0,0,1,1,0,0,-1,0,1,0,0
84,1,0,83,-1,-1,-1,0,-1,-1,4294967295,21,21,1,83,81,49,49,49,32,4,2,2,6,0,1,0,22000,0,0,30,-1,0,0,5,0,0,1,1,0,0,-1,0,1,0,0
85,1,0,84,-1,-1,-1,0,-1,-1,4294967295,117,117,1,84,82,49,49,49,32,4,2,2,6,0,1,0,22000,0,0,30,-1,0,0,5,0,0,1,1,0,0,-1,0,1,0,0
86,1,0,85,-1,-1,-1,0,-1,-1,4294967295,85,85,1,85,83,49,49,49,32,4,2,2,6,0,1,0,22000,0,0,30,-1,0,0,5,0,0,1,1,0,0,-1,0,1,0,0
87,1,0,86,-1,-1,-1,0,-1,-1,4294967295,117,117,1,86,84,49,49,49,32,4,2,2,6,0,1,0,22000,0,0,30,-1,0,0,5,0,0,1,1,0,0,-1,0,1,0,0
88,1,0,87,-1,-1,-1,0,-1,-1,4294967295,37,37,1,87,85,49,49,49,32,4,2,2,6,0,1,0,22000,0,0,30,-1,0,0,5,0,0,1,1,0,0,-1,0,1,0,0
89,1,0,88,-1,-1,-1,0,-1,-1,4294967295,85,85,1,88,86,49,49,49,32,4,2,2,6,0,1,0,22000,0,0,30,-1,0,0,5,0,0,1,1,0,0,-1,0,1,0,0
90,1,0,89,-1,-1,-1,0,-1,-1,4294967295,21,21,1,89,87,49,49,49,32,4,2,2,6,0,1,0,22000,0,0,30,-1,0,0,5,0,0,1,1,0,0,-1,0,1,0,0
91,1,0,90,-1,-1,-1,0,-1,-1,4294967295,85,85,1,90,88,49,49,49,32,4,2,2,6,0,1,0,22000,0,0,30,-1,0,0,5,0,0,1,1,0,0,-1,0,1,0,0
92,1,0,91,-1,-1,-1,5,-1,-1,4294967295,37,113,0,91,89,50,50,50,32,4,2,2,7,0,1,0,22000,1,0,30,-1,0,0,5,0,0,1,1,0,0,-1,3,1,1,5
93,1,0,92,-1,-1,-1,0,-1,-1,4294967295,85,85,1,92,90,50,50,50,32,4,2,2,7,0,1,0,22000,0,0,30,-1,0,0,5,0,0,1,1,0,0,-1,0,1,0,0
94,1,0,93,-1,-1,-1,0,-1,-1,4294967295,5,5,1,93,91,50,50,50,32,4,2,2,7,0,1,0,22000,0,0,30,-1,0,0,5,0,0,1,1,0,0,-1,0,1,0,0
95,1,0,94,-1,-1,-1,0,-1,-1,4294967295,85,85,1,94,92,50,50,50,32,4,2,2,7,0,1,0,22000,0,0,30,-1,0,0,5,0,0,1,1,0,0,-1,0,1,0,0
96,1,0,95,-1,-1,-1,0,-1,-1,4294967295,117,117,1,95,93,50,50,50,32,4,2,2,7,0,1,0,22000,0,0,30,-1,0,0,5,0,0,1,1,0,0,-1,0,1,0,0
97,1,0,96,-1,-1,-1,0,-1,-1,4294967295,101,101,1,96,94,50,50,50,32,4,2,2,7,0,1,0,22000,0,0,30,-1,0,0,5,0,0,1,1,0,0,-1,0,1,0,0
98,1,0,97,-1,-1,-1,0,-1,-1,4294967295,5,5,1,97,95,50,50,50,32,4,2,2,7,0,1,0,22000,0,0,30,-1,0,0,5,0,0,1,1,0,0,-1,0,1,0,0
99,1,0,98,-1,-1,-1,0,-1,-1,4294967295,37,37,1,98,96,50,50,50,32,4,2,2,7,0,1,0,22000,0,0,30,-1,0,0,5,0,0,1,1,0,0,-1,0,1,0,0
100,1,0,99,-1,-1,-1,0,-1,-1,4294967295,21,21,1,99,97,50,50,50,32,4,2,2,7,0,1,0,22000,0,0,30,-1,0,0,5,0,0,1,1,0,0,-1,0,1,0,0
101,1,0,100,-1,-1,-1,0,-1,-1,4294967295,85,85,1,100,98,50,50,50,32,4,2,2,7,0,1,0,22000,0,0,30,-1,0,0,5,0,0,1,1,0,0,-1,0,1,0,0
102,1,0,101,-1,-1,-1,0,-1,-1,4294967295,5,5,1,101,99,50,50,50,32,4,2,2,7,0,1,0,22000,0,0,30,-1,0,0,5,0,0,1,1,0,0,-1,0,1,0,0
103,1,0,102,-1,-1,-1,0,-1,-1,4294967295,53,53,1,102,100,50,50,50,32,4,2,2,7,0,1,0,22000,0,0,30,-1,0,0,5,0,0,1,1,0,0,-1,0,1,0,0
104,1,0,103,-1,-1,-1,0,-1,-1,4294967295,85,85,1,103,101,50,50,50,32,4,2,2,7,0,1,0,22000,0,0,30,-1,0,0,5,0,0,1,1,0,0,-1,0,1,0,0
105,1,0,104,-1,-1,-1,0,-1,-1,4294967295,37,37,1,104,102,50,50,50,32,4,2,2,7,0,1,0,22000,0,0,30,-1,0,0,5,0,0,1,1,0,0,-1,0,1,0,0
106,1,0,105,-1,-1,-1,0,-1,-1,4294967295,117,117,1,105,103,50,50,50,32,4,2,2,7,0,1,0,22000,0,0,30,-1,0,0,5,0,0,1,1,0,0,-1,0,1,0,0
107,1,0,106,-1,-1,-1,0,-1,-1,4294967295,53,53,1,106,104,50,50,50,32,4,2,2,7,0,1,0,22000,0,0,30,-1,0,0,5,0,0,1,1,0,0,-1,0,1,0,0
108,1,1,-1,2,-1,-1,0,-1,-1,4294967295,-1,-1,-1,106,104,50,50,50,32,4,2,2,7,0,1,0,22000,0,10,30,0,0,0,0,0,0,0,0,50,5,5,4,1,0,0
109,1,0,107,-1,-1,-1,0,-1,-1,4294967295,37,37,1,107,105,50,50,51,32,4,2,2,7,0,1,0,22000,0,0,30,-1,0,0,0,0,0,1,1,0,0,-1,0,1,0,0
110,1,0,108,-1,-1,-1,0,-1,-1,4294967295,37,37,1,108,106,50,50,51,32,4,2,2,7,0,1,0,22000,0,0,30,-1,0,0,0,0,0,1,1,0,0,-1,0,1,0,0
111,1,0,109,-1,-1,-1,1,-1,31,31,21,21,1,109,107,51,51,52,33,4,2,2,7,0,1,0,22000,1,0,30,-1,0,0,1,0,1,1,1,0,0,-1,1,1,0,1
112,1,0,110,-1,-1,-1,0,-1,-1,4294967295,85,85,1,110,108,51,51,52,33,4,2,2,7,0,1,0,22000,0,0,30,-1,0,0,1,0,0,1,1,0,0,-1,0,1,0,0
113,1,0,111,-1,-1,-1,0,-1,-1,4294967295,101,101,1,111,109,51,51,52,33,4,2,2,7,0,1,0,22000,0,0,30,-1,0,0,1,0,0,1,1,0,0,-1,0,1,0,0
114,1,0,112,-1,-1,-1,0,-1,-1,4294967295,21,21,1,112,110,51,51,52,33,4,2,2,7,0,1,0,22000,0,0,30,-1,0,0,1,0,0,1,1,0,0,-1,0,1,0,0
115,1,0,113,-1,-1,-1,0,-1,-1,4294967295,101,101,1,113,111,51,51,52,33,4,2,2,7,0,1,0,22000,0,0,30,-1,0,0,1,0,0,1,1,0,0,-1,0,1,0,0
116,1,0,114,-1,-1,-1,5,-1,-1,4294967295,69,200,0,114,112,52,52,53,33,4,2,2,8,0,1,0,22000,1,0,30,-1,0,0,5,0,0,1,1,0,0,-1,3,1,1,5
117,1,0,115,-1,-1,-1,5,-1,-1,4294967295,85,173,0,115,113,53,53,54,33,4,2,2,9,0,1,0,22000,2,0,30,-1,0,0,5,0,0,1,1,0,0,-1,3,1,1,5
118,1,0,116,-1,-1,-1,5,-1,-1,4294967295,21,7,0,116,114,54,54,55,33,4,2,2,10,0,1,0,22000,3,0,30,-1,0,0,5,0,0,1,1,0,0,-1,3,1,1,5
119,1,0,117,-1,-1,-1,0,-1,-1,4294967295,53,53,1,117,115,54,54,55,33,4,2,2,10,0,1,0,22000,0,0,30,-1,0,0,5,0,0,1,1,0,0,-1,0,1,0,0
120,1,0,118,-1,-1,-1,0,-1,-1,4294967295,21,21,1,118,116,54,54,55,33,4,2,2,10,0,1,0,22000,0,0,30,-1,0,0,5,0,0,1,1,0,0,-1,0,1,0,0
121,1,0,119,-1,-1,-1,0,-1,-1,4294967295,69,69,1,119,117,54,54,55,33,4,2,2,10,0,1,0,22000,0,0,30,-1,0,0,5,0,0,1,1,0,0,-1,0,1,0,0
122,1,0,120,-1,-1,-1,5,-1,-1,4294967295,69,26,0,120,118,55,55,56,33,4,2,2,11,0,1,0,22000,1,0,30,-1,0,0,5,0,0,1,1,0,0,-1,3,1,1,5
123,1,0,121,-1,-1,-1,0,-1,-1,4294967295,21,21,1,121,119,55,55,56,33,4,2,2,11,0,1,0,22000,0,0,30,-1,0,0,5,0,0,1,1,0,0,-1,0,1,0,0
124,1,0,122,-1,-1,-1,0,-1,-1,4294967295,85,85,1,122,120,55,55,56,33,4,2,2,11,0,1,0,22000,0,0,30,-1,0,0,5,0,0,1,1,0,0,-1,0,1,0,0
125,1,0,123,-1,-1,-1,0,-1,-1,4294967295,21,21,1,123,121,55,55,56,33,4,2,2,11,0,1,0,22000,0,0,30,-1,0,0,5,0,0,1,1,0,0,-1,0,1,0,0
126,1,0,124,-1,-1,-1,5,-1,-1,4294967295,5,254,0,124,122,56,56,57,33,4,2,2,12,0,1,0,22000,1,0,30,-1,0,0,5,0,0,1,1,0,0,-1,3,1,1,5
127,1,0,125,-1,-1,-1,0,-1,-1,4294967295,37,37,1,125,123,56,56,57,33,4,2,2,12,0,1,0,22000,0,0,30,-1,0,0,5,0,0,1,1,0,0,-1,0,1,0,0
128,1,0,126,-1,-1,-1,5,-1,-1,4294967295,117,61,0,126,124,57,57,58,33,4,2,2,13,0,1,0,22000,1,0,30,-1,0,0,5,0,0,1,1,0,0,-1,3,1,1,5
129,1,0,127,-1,-1,-1,0,-1,-1,4294967295,21,21,1,127,125,57,57,58,33,4,2,2,13,0,1,0,22000,0,0,30,-1,0,0,5,0,0,1,1,0,0,-1,0,1,0,0
130,1,0,128,-1,-1,-1,0,-1,-1,4294967295,69,69,1,128,126,57,57,58,33,4,2,2,13,0,1,0,22000,0,0,30,-1,0,0,5,0,0,1,1,0,0,-1,0,1,0,0
131,1,0,129,-1,-1,-1,0,-1,-1,4294967295,21,21,1,129,127,57,57,58,33,4,2,2,13,0,1,0,22000,0,0,30,-1,0,0,5,0,0,1,1,0,0,-1,0,1,0,0
132,1,0,130,-1,-1,-1,0,-1,-1,4294967295,21,21,1,130,128,57,57,58,33,4,2,2,13,0,1,0,22000,0,0,30,-1,0,0,5,0,0,1,1,0,0,-1,0,1,0,0
133,1,0,131,-1,-1,-1,1,-1,27,27,69,69,1,131,129,58,58,59,34,4,2,2,13,0,1,0,22000,1,0,30,-1,0,0,1,0,1,1,1,0,0,-1,1,1,0,1
134,1,0,132,-1,-1,-1,0,-1,-1,4294967295,21,21,1,132,130,58,58,59,34,4,2,2,13,0,1,0,22000,0,0,30,-1,0,0,1,0,0,1,1,0,0,-1,0,1,0,0
135,1,0,133,-1,-1,-1,5,-1,-1,4294967295,69,139,0,133,131,59,59,60,34,4,2,2,14,0,1,0,22000,1,0,30,-1,0,0,5,0,0,1,1,0,0,-1,3,1,1,5
136,1,0,134,-1,-1,-1,0,-1,-1,4294967295,85,85,1,134,132,59,59,60,34,4,2,2,14,0,1,0,22000,0,0,30,-1,0,0,5,0,0,1,1,0,0,-1,0,1,0,0
137,1,0,135,-1,-1,-1,0,-1,-1,4294967295,101,101,1,135,133,59,59,60,34,4,2,2,14,0,1,0,22000,0,0,30,-1,0,0,5,0,0,1,1,0,0,-1,0,1,0,0
138,1,0,136,-1,-1,-1,1,-1,16,16,69,69,1,136,134,60,60,61,35,4,2,2,14,0,1,0,22000,1,0,30,-1,0,0,1,0,1,1,1,0,0,-1,1,1,0,1
139,1,0,137,-1,-1,-1,0,-1,-1,4294967295,53,53,1,137,135,60,60,61,35,4,2,2,14,0,1,0,22000,0,0,30,-1,0,0,1,0,0,1,1,0,0,-1,0,1,0,0
140,1,0,138,-1,-1,-1,5,-1,-1,4294967295,85,34,0,138,136,61,61,62,35,4,2,2,15,0,1,0,22000,1,0,30,-1,0,0,5,0,0,1,1,0,0,-1,3,1,1,5
141,1,0,139,-1,-1,-1,0,-1,-1,4294967295,69,69,1,139,137,61,61,62,35,4,2,2,15,0,1,0,22000,0,0,30,-1,0,0,5,0,0,1,1,0,0,-1,0,1,0,0
142,1,0,140,-1,-1,-1,0,-1,-1,4294967295,5,5,1,140,138,61,61,62,35,4,2,2,15,0,1,0,22000,0,0,30,-1,0,0,5,0,0,1,1,0,0,-1,0,1,0,0
143,1,0,141,-1,-1,-1,0,-1,-1,4294967295,37,37,1,141,139,61,61,62,35,4,2,2,15,0,1,0,22000,0,0,30,-1,0,0,5,0,0,1,1,0,0,-1,0,1,0,0
144,1,0,142,-1,-1,-1,0,-1,-1,4294967295,117,117,1,142,140,61,61,62,35,4,2,2,15,0,1,0,22000,0,0,30,-1,0,0,5,0,0,1,1,0,0,-1,0,1,0,0
145,1,0,143,-1,-1,-1,0,-1,-1,4294967295,101,101,1,143,141,61,61,62,35,4,2,2,15,0,1,0,22000,0,0,30,-1,0,0,5,0,0,1,1,0,0,-1,0,1,0,0
146,1,0,144,-1,-1,-1,5,-1,-1,4294967295,117,197,0,144,142,62,62,63,35,4,2,2,16,0,1,0,22000,1,0,30,-1,0,0,5,0,0,1,1,0,0,-1,3,1,1,5
147,1,0,145,-1,-1,-1,5,-1,-1,4294967295,53,62,0,145,143,63,63,64,35,4,2,2,17,0,1,0,22000,2,0,30,-1,0,0,5,0,0,1,1,0,0,-1,3,1,1,5
148,1,0,146,-1,-1,-1,0,-1,-1,4294967295,37,37,1,146,144,63,63,64,35,4,2,2,17,0,1,0,22000,0,0,30,-1,0,0,5,0,0,1,1,0,0,-1,0,1,0,0
149,1,0,147,-1,-1,-1,0,-1,-1,4294967295,85,85,1,147,145,63,63,64,35,4,2,2,17,0,1,0,22000,0,0,30,-1,0,0,5,0,0,1,1,0,0,-1,0,1,0,0
150,1,0,148,-1,-1,-1,0,-1,-1,4294967295,5,5,1,148,146,63,63,64,35,4,2,2,17,0,1,0,22000,0,0,30,-1,0,0,5,0,0,1,1,0,0,-1,0,1,0,0
151,1,0,149,-1,-1,-1,1,-1,0,7,21,21,1,149,147,64,64,65,36,4,2,2,17,0,1,0,22000,1,0,30,-1,0,0,1,0,1,1,1,0,0,-1,1,1,0,1
152,1,0,150,-1,-1,-1,0,-1,-1,4294967295,69,69,1,150,148,64,64,65,36,4,2,2,17,0,1,0,22000,0,0,30,-1,0,0,1,0,0,1,1,0,0,-1,0,1,0,0
153,1,0,151,-1,-1,-1,0,-1,-1,4294967295,5,5,1,151,149,64,64,65,36,4,2,2,17,0,1,0,22000,0,0,30,-1,0,0,1,0,0,1,1,0,0,-1,0,1,0,0
154,1,0,152,-1,-1,-1,0,-1,-1,4294967295,37,37,1,152,150,64,64,65,36,4,2,2,17,0,1,0,22000,0,0,30,-1,0,0,1,0,0,1,1,0,0,-1,0,1,0,0
155,1,0,153,-1,-1,-1,0,-1,-1,4294967295,117,117,1,153,151,64,64,65,36,4,2,2,17,0,1,0,22000,0,0,30,-1,0,0,1,0,0,1,1,0,0,-1,0,1,0,0
156,1,0,154,-1,-1,-1,0,-1,-1,4294967295,101,101,1,154,152,64,64,65,36,4,2,2,17,0,1,0,22000,0,0,30,-1,0,0,1,0,0,1,1,0,0,-1,0,1,0,0
157,1,0,155,-1,-1,-1,0,-1,-1,4294967295,117,117,1,155,153,64,64,65,36,4,2,2,17,0,1,0,22000,0,0,30,-1,0,0,1,0,0,1,1,0,0,-1,0,1,0,0
158,1,0,156,-1,-1,-1,0,-1,-1,4294967295,101,101,1,156,154,64,64,65,36,4,2,2,17,0,1,0,22000,0,0,30,-1,0,0,1,0,0,1,1,0,0,-1,0,1,0,0
159,1,1,-1,3,-1,-1,0,-1,-1,4294967295,-1,-1,-1,156,154,64,64,65,36,4,2,2,17,0,1,0,22000,0,28,30,0,0,0,0,0,0,0,0,50,14,5,4,1,0,0
160,1,0,157,-1,-1,-1,0,-1,-1,4294967295,117,117,1,157,155,64,64,66,36,4,2,2,17,0,1,0,22000,0,0,30,-1,0,0,0,0,0,1,1,0,0,-1,0,1,0,0
161,1,0,158,-1,-1,-1,0,-1,-1,4294967295,53,53,1,158,156,64,64,66,36,4,2,2,17,0,1,0,22000,0,0,30,-1,0,0,0,0,0,1,1,0,0,-1,0,1,0,0
162,1,0,159,-1,-1,-1,0,-1,-1,4294967295,85,85,1,159,157,64,64,66,36,4,2,2,17,0,1,0,22000,0,0,30,-1,0,0,0,0,0,1,1,0,0,-1,0,1,0,0
163,1,0,160,-1,-1,-1,0,-1,-1,4294967295,37,37,1,160,158,64,64,66,36,4,2,2,17,0,1,0,22000,0,0,30,-1,0,0,0,0,0,1,1,0,0,-1,0,1,0,0
164,1,0,161,-1,-1,-1,0,-1,-1,4294967295,37,37,1,161,159,64,64,66,36,4,2,2,17,0,1,0,22000,0,0,30,-1,0,0,0,0,0,1,1,0,0,-1,0,1,0,0
165,1,0,162,-1,-1,-1,0,-1,-1,4294967295,69,69,1,162,160,64,64,66,36,4,2,2,17,0,1,0,22000,0,0,30,-1,0,0,0,0,0,1,1,0,0,-1,0,1,0,0
166,1,0,163,-1,-1,-1,0,-1,-1,4294967295,37,37,1,163,161,64,64,66,36,4,2,2,17,0,1,0,22000,0,0,30,-1,0,0,0,0,0,1,1,0,0,-1,0,1,0,0
167,1,0,164,-1,-1,-1,5,-1,-1,4294967295,69,126,0,164,162,65,65,67,36,4,2,2,18,0,1,0,22000,1,0,30,-1,0,0,5,0,0,1,1,0,0,-1,3,1,1,5
168,1,0,165,-1,-1,-1,5,-1,-1,4294967295,21,188,0,165,163,66,66,68,36,4,2,2,19,0,1,0,22000,2,0,30,-1,0,0,5,0,0,1,1,0,0,-1,3,1,1,5
169,1,0,166,-1,-1,-1,0,-1,-1,4294967295,69,69,1,166,164,66,66,68,36,4,2,2,19,0,1,0,22000,0,0,30,-1,0,0,5,0,0,1,1,0,0,-1,0,1,0,0
170,1,0,167,-1,-1,-1,5,-1,-1,4294967295,53,87,0,167,165,67,67,69,36,4,2,2,20,0,1,0,22000,1,0,30,-1,0,0,5,0,0,1,1,0,0,-1,3,1,1,5
171,1,0,168,-1,-1,-1,0,-1,-1,4294967295,5,5,1,168,166,67,67,69,36,4,2,2,20,0,1,0,22000,0,0,30,-1,0,0,5,0,0,1,1,0,0,-1,0,1,0,0
172,1,0,169,-1,-1,-1,0,-1,-1,4294967295,101,101,1,169,167,67,67,69,36,4,2,2,20,0,1,0,22000,0,0,30,-1,0,0,5,0,0,1,1,0,0,-1,0,1,0,0
173,1,0,170,-1,-1,-1,5,-1,-1,4294967295,101,214,0,170,168,68,68,70,36,4,2,2,21,0,1,0,22000,1,0,30,-1,0,0,5,0,0,1,1,0,0,-1,3,1,1,5
174,1,0,171,-1,-1,-1,0,-1,-1,4294967295,85,85,1,171,169,68,68,70,36,4,2,2,21,0,1,0,22000,0,0,30,-1,0,0,5,0,0,1,1,0,0,-1,0,1,0,0
175,1,0,172,-1,-1,-1,0,-1,-1,4294967295,21,21,1,172,170,68,68,70,36,4,2,2,21,0,1,0,22000,0,0,30,-1,0,0,5,0,0,1,1,0,0,-1,0,1,0,0
176,1,0,173,-1,-1,-1,0,-1,-1,4294967295,101,101,1,173,171,68,68,70,36,4,2,2,21,0,1,0,22000,0,0,30,-1,0,0,5,0,0,1,1,0,0,-1,0,1,0,0
177,1,0,174,-1,-1,-1,0,-1,-1,4294967295,117,117,1,174,172,68,68,70,36,4,2,2,21,0,1,0,22000,0,0,30,-1,0,0,5,0,0,1,1,0,0,-1,0,1,0,0
178,1,0,175,-1,-1,-1,1,-1,18,18,53,53,1,175,173,69,69,71,37,4,2,2,21,0,1,0,22000,1,0,30,-1,0,0,1,0,1,1,1,0,0,-1,1,1,0,1
179,1,0,176,-1,-1,-1,0,-1,-1,4294967295,21,21,1,176,174,69,69,71,37,4,2,2,21,0,1,0,22000,0,0,30,-1,0,0,1,0,0,1,1,0,0,-1,0,1,0,0
180,1,0,177,-1,-1,-1,0,-1,-1,4294967295,69,69,1,177,175,69,69,71,37,4,2,2,21,0,1,0,22000,0,0,30,-1,0,0,1,0,0,1,1,0,0,-1,0,1,0,0
181,1,0,178,-1,-1,-1,0,-1,-1,4294967295,37,37,1,178,176,69,69,71,37,4,2,2,21,0,1,0,22000,0,0,30,-1,0,0,1,0,0,1,1,0,0,-1,0,1,0,0
182,1,0,179,-1,-1,-1,0,-1,-1,4294967295,101,101,1,179,177,69,69,71,37,4,2,2,21,0,1,0,22000,0,0,30,-1,0,0,1,0,0,1,1,0,0,-1,0,1,0,0
183,1,0,180,-1,-1,-1,5,-1,-1,4294967295,53,196,0,180,178,70,70,72,37,4,2,2,22,0,1,0,22000,1,0,30,-1,0,0,5,0,0,1,1,0,0,-1,3,1,1,5
184,1,0,181,-1,-1,-1,1,-1,21,21,85,85,1,181,179,71,71,73,38,4,2,2,22,0,1,0,22000,2,0,30,-1,0,0,1,0,1,1,1,0,0,-1,1,1,0,1
185,1,0,182,-1,-1,-1,0,-1,-1,4294967295,5,5,1,182,180,71,71,73,38,4,2,2,22,0,1,0,22000,0,0,30,-1,0,0,1,0,0,1,1,0,0,-1,0,1,0,0
186,1,0,183,-1,-1,-1,1,-1,21,21,69,69,1,183,181,72,72,74,39,4,2,2,22,0,1,0,22000,1,0,30,-1,0,0,1,0,1,1,1,0,0,-1,1,1,0,1
187,1,0,184,-1,-1,-1,0,-1,-1,4294967295,5,5,1,184,182,72,72,74,39,4,2,2,22,0,1,0,22000,0,0,30,-1,0,0,1,0,0,1,1,0,0,-1,0,1,0,0
188,1,0,185,-1,-1,-1,0,-1,-1,4294967295,53,53,1,185,183,72,72,74,39,4,2,2,22,0,1,0,22000,0,0,30,-1,0,0,1,0,0,1,1,0,0,-1,0,1,0,0
189,1,0,186,-1,-1,-1,5,-1,-1,4294967295,69,6,0,186,184,73,73,75,39,4,2,2,23,0,1,0,22000,1,0,30,-1,0,0,5,0,0,1,1,0,0,-1,3,1,1,5
190,1,0,187,-1,-1,-1,0,-1,-1,4294967295,37,37,1,187,185,73,73,75,39,4,2,2,23,0,1,0,22000,0,0,30,-1,0,0,5,0,0,1,1,0,0,-1,0,1,0,0
191,1,0,188,-1,-1,-1,1,-1,16,16,53,53,1,188,186,74,74,76,40,4,2,2,23,0,1,0,22000,1,0,30,-1,0,0,1,0,1,1,1,0,0,-1,1,1,0,1
192,1,0,189,-1,-1,-1,5,-1,-1,4294967295,37,159,0,189,187,75,75,77,40,4,2,2,24,0,1,0,22000,2,0,30,-1,0,0,5,0,0,1,1,0,0,-1,3,1,1,5
193,1,0,190,-1,-1,-1,0,-1,-1,4294967295,53,53,1,190,188,75,75,77,40,4,2,2,24,0,1,0,22000,0,0,30,-1,0,0,5,0,0,1,1,0,0,-1,0,1,0,0
194,1,0,191,-1,-1,-1,0,-1,-1,4294967295,101,101,1,191,189,75,75,77,40,4,2,2,24,0,1,0,22000,0,0,30,-1,0,0,5,0,0,1,1,0,0,-1,0,1,0,0
195,1,0,192,-1,-1,-1,1,-1,3,4,37,37,1,192,190,76,76,78,41,4,2,2,24,0,1,0,22000,1,0,30,-1,0,0,1,0,1,1,1,0,0,-1,1,1,0,1
196,1,0,193,-1,-1,-1,0,-1,-1,4294967295,21,21,1,193,191,76,76,78,41,4,2,2,24,0,1,0,22000,0,0,30,-1,0,0,1,0,0,1,1,0,0,-1,0,1,0,0
197,1,0,194,-1,-1,-1,0,-1,-1,4294967295,37,37,1,194,192,76,76,78,41,4,2,2,24,0,1,0,22000,0,0,30,-1,0,0,1,0,0,1,1,0,0,-1,0,1,0,0
198,1,0,195,-1,-1,-1,0,-1,-1,4294967295,37,37,1,195,193,76,76,78,41,4,2,2,24,0,1,0,22000,0,0,30,-1,0,0,1,0,0,1,1,0,0,-1,0,1,0,0
199,1,0,196,-1,-1,-1,0,-1,-1,4294967295,53,53,1,196,194,76,76,78,41,4,2,2,24,0,1,0,22000,0,0,30,-1,0,0,1,0,0,1,1,0,0,-1,0,1,0,0
200,1,0,197,-1,-1,-1,0,-1,-1,4294967295,53,53,1,197,195,76,76,78,41,4,2,2,24,0,1,0,22000,0,0,30,-1,0,0,1,0,0,1,1,0,0,-1,0,1,0,0
201,1,0,198,-1,-1,-1,0,-1,-1,4294967295,85,85,1,198,196,76,76,78,41,4,2,2,24,0,1,0,22000,0,0,30,-1,0,0,1,0,0,1,1,0,0,-1,0,1,0,0
202,1,0,199,-1,-1,-1,1,-1,9,9,37,37,1,199,197,77,77,79,42,4,2,2,24,0,1,0,22000,1,0,30,-1,0,0,1,0,1,1,1,0,0,-1,1,1,0,1
203,1,0,200,-1,-1,-1,0,-1,-1,4294967295,117,117,1,200,198,77,77,79,42,4,2,2,24,0,1,0,22000,0,0,30,-1,0,0,1,0,0,1,1,0,0,-1,0,1,0,0
204,1,0,201,-1,-1,-1,5,-1,-1,4294967295,5,51,0,201,199,78,78,80,42,4,2,2,25,0,1,0,22000,1,0,30,-1,0,0,5,0,0,1,1,0,0,-1,3,1,1,5
205,1,0,202,-1,-1,-1,1,-1,18,18,85,85,1,202,200,79,79,81,43,4,2,2,25,0,1,0,22000,2,0,30,-1,0,0,1,0,1,1,1,0,0,-1,1,1,0,1
206,1,0,203,-1,-1,-1,0,-1,-1,4294967295,21,21,1,203,201,79,79,81,43,4,2,2,25,0,1,0,22000,0,0,30,-1,0,0,1,0,0,1,1,0,0,-1,0,1,0,0
207,1,0,204,-1,-1,-1,0,-1,-1,4294967295,5,5,1,204,202,79,79,81,43,4,2,2,25,0,1,0,22000,0,0,30,-1,0,0,1,0,0,1,1,0,0,-1,0,1,0,0
208,1,0,205,-1,-1,-1,0,-1,-1,4294967295,117,117,1,205,203,79,79,81,43,4,2,2,25,0,1,0,22000,0,0,30,-1,0,0,1,0,0,1,1,0,0,-1,0,1,0,0
209,1,0,206,-1,-1,-1,0,-1,-1,4294967295,21,21,1,206,204,79,79,81,43,4,2,2,25,0,1,0,22000,0,0,30,-1,0,0,1,0,0,1,1,0,0,-1,0,1,0,0
210,1,1,-1,4,-1,-1,8,-1,-1,4294967295,-1,-1,-1,206,204,79,79,81,43,4,2,2,25,0,1,0,22000,0,30,30,1,0,0,8,0,0,0,0,50,15,5,4,1,0,8
211,1,0,207,-1,-1,-1,1,-1,7,0,21,21,1,207,205,80,80,83,44,4,2,2,25,0,1,0,22000,1,0,30,-1,0,0,1,0,1,1,1,0,0,-1,1,1,0,1
212,1,0,208,-1,-1,-1,0,-1,-1,4294967295,85,85,1,208,206,80,80,83,44,4,2,2,25,0,1,0,22000,0,0,30,-1,0,0,1,0,0,1,1,0,0,-1,0,1,0,0
213,1,0,209,-1,-1,-1,0,-1,-1,4294967295,101,101,1,209,207,80,80,83,44,4,2,2,25,0,1,0,22000,0,0,30,-1,0,0,1,0,0,1,1,0,0,-1,0,1,0,0
214,1,0,210,-1,-1,-1,0,-1,-1,4294967295,21,21,1,210,208,80,80,83,44,4,2,2,25,0,1,0,22000,0,0,30,-1,0,0,1,0,0,1,1,0,0,-1,0,1,0,0
215,1,0,211,-1,-1,-1,0,-1,-1,4294967295,117,117,1,211,209,80,80,83,44,4,2,2,25,0,1,0,22000,0,0,30,-1,0,0,1,0,0,1,1,0,0,-1,0,1,0,0
216,1,0,212,-1,-1,-1,1,-1,21,21,53,53,1,212,210,81,81,84,45,4,2,2,25,0,1,0,22000,1,0,30,-1,0,0,1,0,1,1,1,0,0,-1,1,1,0,1
217,1,0,213,-1,-1,-1,1,-1,16,16,5,5,1,213,211,82,82,85,46,4,2,2,25,0,1,0,22000,2,0,30,-1,0,0,1,0,1,1,1,0,0,-1,1,1,0,1
218,1,0,214,-1,-1,-1,0,-1,-1,4294967295,21,21,1,214,212,82,82,85,46,4,2,2,25,0,1,0,22000,0,0,30,-1,0,0,1,0,0,1,1,0,0,-1,0,1,0,0
219,1,0,215,-1,-1,-1,1,-1,23,23,21,21,1,215,213,83,83,86,47,4,2,2,25,0,1,0,22000,1,0,30,-1,0,0,1,0,1,1,1,0,0,-1,1,1,0,1
220,1,0,216,-1,-1,-1,1,-1,28,28,69,69,1,216,214,84,84,87,48,4,2,2,25,0,1,0,22000,2,0,30,-1,0,0,1,0,1,1,1,0,0,-1,1,1,0,1
221,1,0,217,-1,-1,-1,0,-1,-1,4294967295,117,117,1,217,215,84,84,87,48,4,2,2,25,0,1,0,22000,0,0,30,-1,0,0,1,0,0,1,1,0,0,-1,0,1,0,0
222,1,0,218,-1,-1,-1,0,-1,-1,4294967295,117,117,1,218,216,84,84,87,48,4,2,2,25,0,1,0,22000,0,0,30,-1,0,0,1,0,0,1,1,0,0,-1,0,1,0,0
223,1,0,219,-1,-1,-1,0,-1,-1,4294967295,117,117,1,219,217,84,84,87,48,4,2,2,25,0,1,0,22000,0,0,30,-1,0,0,1,0,0,1,1,0,0,-1,0,1,0,0
224,1,0,220,-1,-1,-1,0,-1,-1,4294967295,85,85,1,220,218,84,84,87,48,4,2,2,25,0,1,0,22000,0,0,30,-1,0,0,1,0,0,1,1,0,0,-1,0,1,0,0
225,1,0,221,-1,-1,-1,5,-1,-1,4294967295,69,230,0,221,219,85,85,88,48,4,2,2,26,0,1,0,22000,1,0,30,-1,0,0,5,0,0,1,1,0,0,-1,3,1,1,5
226,1,0,222,-1,-1,-1,0,-1,-1,4294967295,5,5,1,222,220,85,85,88,48,4,2,2,26,0,1,0,22000,0,0,30,-1,0,0,5,0,0,1,1,0,0,-1,0,1,0,0
227,1,0,223,-1,-1,-1,0,-1,-1,4294967295,101,101,1,223,221,85,85,88,48,4,2,2,26,0,1,0,22000,0,0,30,-1,0,0,5,0,0,1,1,0,0,-1,0,1,0,0
228,1,0,224,-1,-1,-1,0,-1,-1,4294967295,85,85,1,224,222,85,85,88,48,4,2,2,26,0,1,0,22000,0,0,30,-1,0,0,5,0,0,1,1,0,0,-1,0,1,0,0
229,1,0,225,-1,-1,-1,0,-1,-1,4294967295,117,117,1,225,223,85,85,88,48,4,2,2,26,0,1,0,22000,0,0,30,-1,0,0,5,0,0,1,1,0,0,-1,0,1,0,0
230,1,0,226,-1,-1,-1,0,-1,-1,4294967295,117,117,1,226,224,85,85,88,48,4,2,2,26,0,1,0,22000,0,0,30,-1,0,0,5,0,0,1,1,0,0,-1,0,1,0,0
231,1,0,227,-1,-1,-1,0,-1,-1,4294967295,101,101,1,227,225,85,85,88,48,4,2,2,26,0,1,0,22000,0,0,30,-1,0,0,5,0,0,1,1,0,0,-1,0,1,0,0
232,1,0,228,-1,-1,-1,1,-1,17,17,5,5,1,228,226,86,86,89,49,4,2,2,26,0,1,0,22000,1,0,30,-1,0,0,1,0,1,1,1,0,0,-1,1,1,0,1
233,1,0,229,-1,-1,-1,1,-1,9,9,5,5,1,229,227,87,87,90,50,4,2,2,26,0,1,0,22000,2,0,30,-1,0,0,1,0,1,1,1,0,0,-1,1,1,0,1
234,1,0,230,-1,-1,-1,5,-1,-1,4294967295,53,123,0,230,228,88,88,91,50,4,2,2,27,0,1,0,22000,3,0,30,-1,0,0,5,0,0,1,1,0,0,-1,3,1,1,5
235,1,0,231,-1,-1,-1,0,-1,-1,4294967295,85,85,1,231,229,88,88,91,50,4,2,2,27,0,1,0,22000,0,0,30,-1,0,0,5,0,0,1,1,0,0,-1,0,1,0,0
236,1,0,232,-1,-1,-1,0,-1,-1,4294967295,85,85,1,232,230,88,88,91,50,4,2,2,27,0,1,0,22000,0,0,30,-1,0,0,5,0,0,1,1,0,0,-1,0,1,0,0
237,1,0,233,-1,-1,-1,0,-1,-1,4294967295,5,5,1,233,231,88,88,91,50,4,2,2,27,0,1,0,22000,0,0,30,-1,0,0,5,0,0,1,1,0,0,-1,0,1,0,0
238,1,0,234,-1,-1,-1,1,-1,16,16,101,101,1,234,232,89,89,92,51,4,2,2,27,0,1,0,22000,1,0,30,-1,0,0,1,0,1,1,1,0,0,-1,1,1,0,1
239,1,0,235,-1,-1,-1,0,-1,-1,4294967295,117,117,1,235,233,89,89,92,51,4,2,2,27,0,1,0,22000,0,0,30,-1,0,0,1,0,0,1,1,0,0,-1,0,1,0,0
240,1,0,236,-1,-1,-1,5,-1,-1,4294967295,21,254,0,236,234,90,90,93,51,4,2,2,28,0,1,0,22000,1,0,30,-1,0,0,5,0,0,1,1,0,0,-1,3,1,1,5
241,1,0,237,-1,-1,-1,1,-1,11,11,69,69,1,237,235,91,91,94,52,4,2,2,28,0,1,0,22000,2,0,30,-1,0,0,1,0,1,1,1,0,0,-1,1,1,0,1
242,1,0,238,-1,-1,-1,5,-1,-1,4294967295,37,174,0,238,236,92,92,95,52,4,2,2,29,0,1,0,22000,3,0,30,-1,0,0,5,0,0,1,1,0,0,-1,3,1,1,5
243,1,0,239,-1,-1,-1,0,-1,-1,4294967295,5,5,1,239,237,92,92,95,52,4,2,2,29,0,1,0,22000,0,0,30,-1,0,0,5,0,0,1,1,0,0,-1,0,1,0,0
244,1,0,240,-1,-1,-1,5,-1,-1,4294967295,5,200,0,240,238,93,93,96,52,4,2,2,30,0,1,0,22000,1,0,30,-1,0,0,5,0,0,1,1,0,0,-1,3,1,1,5
245,1,0,241,-1,-1,-1,5,-1,-1,4294967295,37,119,0,241,239,94,94,97,52,4,2,2,31,0,1,0,22000,2,0,30,-1,0,0,5,0,0,1,1,0,0,-1,3,1,1,5
246,1,0,242,-1,-1,-1,1,-1,8,8,85,85,1,242,240,95,95,98,53,4,2,2,31,0,1,0,22000,3,0,30,-1,0,0,1,0,1,1,1,0,0,-1,1,1,0,1
247,1,0,243,-1,-1,-1,5,-1,-1,4294967295,21,174,0,243,241,96,96,99,53,4,2,2,32,0,1,0,22000,4,0,30,-1,0,0,5,0,0,1,1,0,0,-1,3,1,1,5
248,1,0,244,-1,-1,-1,5,-1,-1,4294967295,69,211,0,244,242,97,97,100,53,4,2,2,33,0,1,0,22000,5,0,30,-1,0,0,5,0,0,1,1,0,0,-1,3,1,1,5
249,1,0,245,-1,-1,-1,5,-1,-1,4294967295,37,28,0,245,243,98,98,101,53,4,2,2,34,0,1,0,22000,6,0,30,-1,0,0,5,0,0,1,1,0,0,-1,3,1,1,5
250,1,0,246,-1,-1,-1,5,-1,-1,4294967295,37,214,0,246,244,99,99,102,53,4,2,2,35,0,1,0,22000,7,0,30,-1,0,0,5,0,0,1,1,0,0,-1,3,1,1,5
251,1,0,247,-1,-1,-1,0,-1,-1,4294967295,85,85,1,247,245,99,99,102,53,4,2,2,35,0,1,0,22000,0,0,30,-1,0,0,5,0,0,1,1,0,0,-1,0,1,0,0
252,1,0,248,-1,-1,-1,0,-1,-1,4294967295,37,37,1,248,246,99,99,102,53,4,2,2,35,0,1,0,22000,0,0,30,-1,0,0,5,0,0,1,1,0,0,-1,0,1,0,0
253,1,0,249,-1,-1,-1,5,-1,-1,4294967295,117,51,0,249,247,100,100,103,53,4,2,2,36,0,1,0,22000,1,0,30,-1,0,0,5,0,0,1,1,0,0,-1,3,1,1,5
254,1,0,250,-1,-1,-1,0,-1,-1,4294967295,37,37,1,250,248,100,100,103,53,4,2,2,36,0,1,0,22000,0,0,30,-1,0,0,5,0,0,1,1,0,0,-1,0,1,0,0
255,1,0,251,-1,-1,-1,1,-1,22,22,69,69,1,251,249,101,101,104,54,4,2,2,36,0,1,0,22000,1,0,30,-1,0,0,1,0,1,1,1,0,0,-1,1,1,0,1
256,1,0,252,-1,-1,-1,5,-1,-1,4294967295,53,179,0,252,250,102,102,105,54,4,2,2,37,0,1,0,22000,2,0,30,-1,0,0,5,0,0,1,1,0,0,-1,3,1,1,5
257,1,0,253,-1,-1,-1,1,-1,30,30,101,101,1,253,251,103,103,106,55,4,2,2,37,0,1,0,22000,3,0,30,-1,0,0,1,0,1,1,1,0,0,-1,1,1,0,1
258,1,0,254,-1,-1,-1,0,-1,-1,4294967295,117,117,1,254,252,103,103,106,55,4,2,2,37,0,1,0,22000,0,0,30,-1,0,0,1,0,0,1,1,0,0,-1,0,1,0,0
259,1,0,255,-1,-1,-1,0,-1,-1,4294967295,101,101,1,255,253,103,103,106,55,4,2,2,37,0,1,0,22000,0,0,30,-1,0,0,1,0,0,1,1,0,0,-1,0,1,0,0
260,1,0,256,-1,-1,-1,1,-1,3,4,85,85,1,256,254,104,104,107,56,4,2,2,37,0,1,0,22000,1,0,30,-1,0,0,1,0,1,1,1,0,0,-1,1,1,0,1
261,1,1,-1,5,-1,-1,8,-1,-1,4294967295,-1,-1,-1,256,254,104,104,107,56,4,2,2,37,0,1,0,22000,1,50,30,1,0,0,8,0,0,0,0,50,25,1,4,1,0,8
262,1,0,257,-1,-1,-1,1,-1,0,7,53,53,1,257,255,105,105,108,57,4,2,2,37,0,1,0,22000,2,0,30,-1,0,0,1,0,1,1,1,0,0,-1,1,1,0,1
263,1,0,258,-1,-1,-1,1,-1,3,4,21,21,1,258,256,106,106,109,58,4,2,2,37,0,1,0,22000,3,0,30,-1,0,0,1,0,1,1,1,0,0,-1,1,1,0,1
264,1,0,259,-1,-1,-1,1,-1,31,31,21,21,1,259,257,107,107,110,59,4,2,2,37,0,1,0,22000,4,0,30,-1,0,0,1,0,1,1,1,0,0,-1,1,1,0,1
265,1,0,260,-1,-1,-1,1,-1,13,13,101,101,1,260,258,108,108,111,60,4,2,2,37,0,1,0,22000,5,0,30,-1,0,0,1,0,1,1,1,0,0,-1,1,1,0,1
266,1,0,261,-1,-1,-1,1,-1,16,16,117,117,1,261,259,109,109,112,61,4,2,2,37,0,1,0,22000,6,0,30,-1,0,0,1,0,1,1,1,0,0,-1,1,1,0,1
267,1,0,262,-1,-1,-1,1,-1,26,26,5,5,1,262,260,110,110,113,62,4,2,2,37,0,1,0,22000,7,0,30,-1,0,0,1,0,1,1,1,0,0,-1,1,1,0,1
268,1,0,263,-1,-1,-1,2,-1,-1,4294967295,-1,-1,-1,263,261,111,111,114,62,5,2,2,37,0,1,15751,22000,8,0,30,-1,0,0,2,0,1,1,1,0,0,-1,3,1,1,2
269,1,0,264,-1,-1,-1,2,-1,-1,4294967295,-1,-1,-1,264,261,112,112,115,62,6,2,2,37,0,1,22000,22000,9,0,30,-1,0,0,2,0,1,0,1,0,0,-1,3,1,1,2
270,1,2,-1,-1,3,265,3,-1,-1,4294967295,-1,-1,-1,265,262,115,115,116,62,6,5,2,37,0,1,0,22000,10,0,30,-1,0,0,3,0,0,1,1,0,0,-1,3,1,1,3
271,1,2,-1,-1,4,266,4,-1,-1,4294967295,-1,-1,-1,266,263,117,117,117,62,6,5,4,37,0,1,0,22000,11,0,30,-1,0,0,4,0,0,1,1,0,0,-1,3,1,1,4
272,1,0,267,-1,-1,-1,5,-1,-1,4294967295,69,196,0,267,264,118,118,118,62,6,5,4,38,0,1,0,22000,12,0,30,-1,0,0,5,0,0,1,1,0,0,-1,3,1,1,5
273,1,0,268,-1,-1,-1,5,-1,-1,4294967295,37,197,0,268,265,119,119,119,62,6,5,4,39,0,1,0,22000,13,0,30,-1,0,0,5,0,0,1,1,0,0,-1,3,1,1,5
274,1,0,269,-1,-1,-1,5,-1,-1,4294967295,37,172,0,269,266,120,120,120,62,6,5,4,40,0,1,0,22000,14,0,30,-1,0,0,5,0,0,1,1,0,0,-1,3,1,1,5
275,1,0,270,-1,-1,-1,5,-1,-1,4294967295,85,50,0,270,267,121,121,121,62,6,5,4,41,0,1,0,22000,15,0,30,-1,0,0,5,0,0,1,1,0,0,-1,3,1,1,5
276,1,2,-1,-1,5,-1,7,-1,-1,4294967295,-1,-1,-1,271,267,122,122,122,62,6,5,4,41,0,2,24265,22000,16,0,30,-1,0,0,7,0,0,0,0,0,0,-1,3,1,1,7
277,1,2,-1,-1,6,-1,7,-1,-1,4294967295,-1,-1,-1,272,267,123,123,123,62,6,5,4,41,0,3,24099,22000,17,0,30,-1,0,0,7,0,0,0,0,0,0,-1,3,1,1,7
278,1,0,273,-1,-1,-1,1,-1,5,2,117,117,1,273,268,124,124,125,63,6,5,4,41,0,3,0,22000,18,0,30,-1,0,0,1,0,1,1,1,0,0,-1,1,1,0,1
279,1,0,274,-1,-1,-1,1,-1,18,18,101,101,1,274,269,125,125,126,64,6,5,4,41,0,3,0,22000,19,0,30,-1,0,0,1,0,1,1,1,0,0,-1,1,1,0,1
280,1,0,275,-1,-1,-1,1,-1,31,31,53,53,1,275,270,126,126,127,65,6,5,4,41,0,3,0,22000,20,0,30,-1,0,0,1,0,1,1,1,0,0,-1,1,1,0,1
281,1,0,276,-1,-1,-1,1,-1,26,26,21,21,1,276,271,127,127,128,66,6,5,4,41,0,3,0,22000,21,0,30,-1,0,0,1,0,1,1,1,0,0,-1,1,1,0,1
282,1,0,277,-1,-1,-1,1,-1,11,11,69,69,1,277,272,128,128,129,67,6,5,4,41,0,3,0,22000,22,0,30,-1,0,0,1,0,1,1,1,0,0,-1,1,1,0,1
283,1,0,278,-1,-1,-1,1,-1,17,17,85,85,1,278,273,129,129,130,68,6,5,4,41,0,3,0,22000,23,0,30,-1,0,0,1,0,1,1,1,0,0,-1,1,1,0,1
284,1,1,-1,6,-1,273,6,1,-1,4294967295,-1,-1,-1,278,273,129,129,130,68,6,5,4,41,1,3,0,22000,29,0,30,-1,6,0,1,0,0,0,0,6,6,1,4,1,0,6
285,1,0,279,-1,-1,-1,5,-1,-1,4294967295,53,27,0,279,274,130,130,132,68,6,5,4,42,1,3,0,22000,30,0,30,-1,0,0,5,0,0,1,1,0,0,-1,3,1,1,5
286,1,0,280,-1,-1,-1,5,-1,-1,4294967295,101,176,0,280,275,131,131,133,68,6,5,4,43,1,3,0,22000,31,0,30,-1,0,0,5,0,0,1,1,0,0,-1,3,1,1,5
287,1,0,281,-1,-1,-1,5,-1,-1,4294967295,117,120,0,281,276,132,132,134,68,6,5,4,44,1,3,0,22000,32,0,30,-1,0,0,5,0,0,1,1,0,0,-1,3,1,1,5
288,1,0,282,-1,-1,-1,5,-1,-1,4294967295,53,31,0,282,277,133,133,135,68,6,5,4,45,1,3,0,22000,33,0,30,-1,0,0,5,0,0,1,1,0,0,-1,3,1,1,5
289,1,1,-1,7,-1,279,6,5,-1,4294967295,-1,-1,-1,282,277,133,133,135,68,6,5,4,45,2,3,0,22000,37,0,30,-1,4,0,5,0,0,0,0,4,4,5,4,1,0,6
290,1,0,283,-1,-1,-1,1,-1,6,1,5,5,1,283,278,134,134,137,69,6,5,4,45,2,3,0,22000,38,0,30,-1,0,0,1,0,1,1,1,0,0,-1,1,1,0,1
291,1,0,284,-1,-1,-1,1,-1,21,21,117,117,1,284,279,135,135,138,70,6,5,4,45,2,3,0,22000,39,0,30,-1,0,0,1,0,1,1,1,0,0,-1,1,1,0,1
292,1,0,285,-1,-1,-1,1,-1,18,18,37,37,1,285,280,136,136,139,71,6,5,4,45,2,3,0,22000,40,0,30,-1,0,0,1,0,1,1,1,0,0,-1,1,1,0,1
293,1,0,286,-1,-1,-1,1,-1,29,29,85,85,1,286,281,137,137,140,72,6,5,4,45,2,3,0,22000,41,0,30,-1,0,0,1,0,1,1,1,0,0,-1,1,1,0,1
294,1,0,287,-1,-1,-1,1,-1,13,13,69,69,1,287,282,138,138,141,73,6,5,4,45,2,3,0,22000,42,0,30,-1,0,0,1,0,1,1,1,0,0,-1,1,1,0,1
295,1,0,288,-1,-1,-1,1,-1,10,10,21,21,1,288,283,139,139,142,74,6,5,4,45,2,3,0,22000,43,0,30,-1,0,0,1,0,1,1,1,0,0,-1,1,1,0,1
296,1,1,-1,8,-1,283,6,1,-1,4294967295,-1,-1,-1,288,283,139,139,142,74,6,5,4,45,3,3,0,22000,49,0,30,-1,6,0,1,0,0,0,0,6,6,1,4,1,0,6
297,1,2,-1,-1,7,289,4,-1,-1,4294967295,-1,-1,-1,289,284,142,142,143,74,6,5,7,45,3,3,0,22000,50,0,30,-1,0,0,4,0,0,1,1,0,0,-1,3,1,1,4
298,1,2,-1,-1,8,290,4,-1,-1,4294967295,-1,-1,-1,290,285,145,145,144,74,6,5,10,45,3,3,0,22000,51,0,30,-1,0,0,4,0,0,1,1,0,0,-1,3,1,1,4
299,1,0,291,-1,-1,-1,0,-1,-1,4294967295,85,85,1,291,286,145,145,144,74,6,5,10,45,3,3,0,22000,0,0,30,-1,0,0,4,0,0,1,1,0,0,-1,0,1,0,0
300,1,0,292,-1,-1,-1,0,-1,-1,4294967295,21,21,1,292,287,145,145,144,74,6,5,10,45,3,3,0,22000,0,0,30,-1,0,0,4,0,0,1,1,0,0,-1,0,1,0,0
301,1,0,293,-1,-1,-1,1,-1,21,21,117,117,1,293,288,146,146,145,75,6,5,10,45,3,3,0,22000,1,0,30,-1,0,0,1,0,1,1,1,0,0,-1,1,1,0,1
302,1,0,294,-1,-1,-1,1,-1,5,2,21,21,1,294,289,147,147,146,76,6,5,10,45,3,3,0,22000,2,0,30,-1,0,0,1,0,1,1,1,0,0,-1,1,1,0,1
303,1,0,295,-1,-1,-1,1,-1,25,25,117,117,1,295,290,148,148,147,77,6,5,10,45,3,3,0,22000,3,0,30,-1,0,0,1,0,1,1,1,0,0,-1,1,1,0,1
304,1,0,296,-1,-1,-1,1,-1,27,27,5,5,1,296,291,149,149,148,78,6,5,10,45,3,3,0,22000,4,0,30,-1,0,0,1,0,1,1,1,0,0,-1,1,1,0,1
305,1,0,297,-1,-1,-1,0,-1,-1,4294967295,101,101,1,297,292,149,149,148,78,6,5,10,45,3,3,0,22000,0,0,30,-1,0,0,1,0,0,1,1,0,0,-1,0,1,0,0
306,1,0,298,-1,-1,-1,0,-1,-1,4294967295,117,117,1,298,293,149,149,148,78,6,5,10,45,3,3,0,22000,0,0,30,-1,0,0,1,0,0,1,1,0,0,-1,0,1,0,0
307,1,0,299,-1,-1,-1,2,-1,-1,4294967295,-1,-1,-1,299,293,150,150,149,78,7,5,10,45,3,3,22000,22000,1,0,30,-1,0,0,2,1,0,0,1,0,0,-1,3,1,1,2
308,1,0,300,-1,-1,-1,5,-1,-1,4294967295,101,97,0,300,294,151,151,151,78,7,5,10,46,3,3,0,22000,2,0,30,-1,0,0,5,0,0,1,1,0,0,-1,3,1,1,5
309,1,0,301,-1,-1,-1,1,-1,12,12,69,69,1,301,295,152,152,152,79,7,5,10,46,3,3,0,22000,3,0,30,-1,0,0,1,0,1,1,1,0,0,-1,1,1,0,1
310,1,0,302,-1,-1,-1,1,-1,30,30,117,117,1,302,296,153,153,153,80,7,5,10,46,3,3,0,22000,4,0,30,-1,0,0,1,0,1,1,1,0,0,-1,1,1,0,1
311,1,0,303,-1,-1,-1,0,-1,-1,4294967295,101,101,1,303,297,153,153,153,80,7,5,10,46,3,3,0,22000,0,0,30,-1,0,0,1,0,0,1,1,0,0,-1,0,1,0,0
312,1,0,304,-1,-1,-1,0,-1,-1,4294967295,53,53,1,304,298,153,153,153,80,7,5,10,46,3,3,0,22000,0,0,30,-1,0,0,1,0,0,1,1,0,0,-1,0,1,0,0
313,1,0,305,-1,-1,-1,0,-1,-1,4294967295,85,85,1,305,299,153,153,153,80,7,5,10,46,3,3,0,22000,0,0,30,-1,0,0,1,0,0,1,1,0,0,-1,0,1,0,0
314,1,0,306,-1,-1,-1,5,-1,-1,4294967295,37,52,0,306,300,154,154,154,80,7,5,10,47,3,3,0,22000,1,0,30,-1,0,0,5,0,0,1,1,0,0,-1,3,1,1,5
315,1,0,307,-1,-1,-1,0,-1,-1,4294967295,21,21,1,307,301,154,154,154,80,7,5,10,47,3,3,0,22000,0,0,30,-1,0,0,5,0,0,1,1,0,0,-1,0,1,0,0
316,1,0,308,-1,-1,-1,0,-1,-1,4294967295,21,21,1,308,302,154,154,154,80,7,5,10,47,3,3,0,22000,0,0,30,-1,0,0,5,0,0,1,1,0,0,-1,0,1,0,0
317,1,0,309,-1,-1,-1,0,-1,-1,4294967295,85,85,1,309,303,154,154,154,80,7,5,10,47,3,3,0,22000,0,0,30,-1,0,0,5,0,0,1,1,0,0,-1,0,1,0,0
318,1,1,-1,9,-1,-1,8,-1,-1,4294967295,-1,-1,-1,309,303,154,154,154,80,7,5,10,47,3,3,0,22000,0,40,30,1,0,0,8,0,0,0,0,10,4,1,4,1,0,8
319,1,0,310,-1,-1,-1,1,-1,8,8,37,37,1,310,304,155,155,156,81,7,5,10,47,3,3,0,22000,1,0,30,-1,0,0,1,0,1,1,1,0,0,-1,1,1,0,1
320,1,0,311,-1,-1,-1,5,-1,-1,4294967295,69,253,0,311,305,156,156,157,81,7,5,10,48,3,3,0,22000,2,0,30,-1,0,0,5,0,0,1,1,0,0,-1,3,1,1,5
321,1,0,312,-1,-1,-1,1,-1,1,6,117,117,1,312,306,157,157,158,82,7,5,10,48,3,3,0,22000,3,0,30,-1,0,0,1,0,1,1,1,0,0,-1,1,1,0,1
322,1,0,313,-1,-1,-1,1,-1,13,13,101,101,1,313,307,158,158,159,83,7,5,10,48,3,3,0,22000,4,0,30,-1,0,0,1,0,1,1,1,0,0,-1,1,1,0,1
323,1,0,314,-1,-1,-1,1,-1,11,11,5,5,1,314,308,159,159,160,84,7,5,10,48,3,3,0,22000,5,0,30,-1,0,0,1,0,1,1,1,0,0,-1,1,1,0,1
324,1,0,315,-1,-1,-1,5,-1,-1,4294967295,37,227,0,315,309,160,160,161,84,7,5,10,49,3,3,0,22000,6,0,30,-1,0,0,5,0,0,1,1,0,0,-1,3,1,1,5
325,1,0,316,-1,-1,-1,1,-1,29,29,101,101,1,316,310,161,161,162,85,7,5,10,49,3,3,0,22000,7,0,30,-1,0,0,1,0,1,1,1,0,0,-1,1,1,0,1
326,1,0,317,-1,-1,-1,5,-1,-1,4294967295,117,138,0,317,311,162,162,163,85,7,5,10,50,3,3,0,22000,8,0,30,-1,0,0,5,0,0,1,1,0,0,-1,3,1,1,5
327,1,0,318,-1,-1,-1,5,-1,-1,4294967295,85,215,0,318,312,163,163,164,85,7,5,10,51,3,3,0,22000,9,0,30,-1,0,0,5,0,0,1,1,0,0,-1,3,1,1,5
328,1,0,319,-1,-1,-1,1,-1,31,31,53,53,1,319,313,164,164,165,86,7,5,10,51,3,3,0,22000,10,0,30,-1,0,0,1,0,1,1,1,0,0,-1,1,1,0,1
329,1,1,-1,10,-1,-1,8,-1,-1,4294967295,-1,-1,-1,319,313,164,164,165,86,7,5,10,51,3,3,0,22000,10,100,30,1,0,0,8,0,0,0,0,10,10,1,4,1,0,8
330,1,0,320,-1,-1,-1,0,-1,-1,4294967295,53,53,1,320,314,164,164,165,86,7,5,10,51,3,3,0,22000,0,0,30,-1,0,0,8,0,0,1,1,0,0,-1,0,1,0,0
331,1,0,321,-1,-1,-1,2,-1,-1,4294967295,-1,-1,-1,321,315,165,165,166,86,8,5,10,51,3,3,15751,22000,1,0,30,-1,0,0,2,0,1,1,1,0,0,-1,3,1,1,2
332,1,0,322,-1,-1,-1,5,-1,-1,4294967295,53,15,0,322,316,166,166,168,86,8,5,10,52,3,3,0,22000,2,0,30,-1,0,0,5,0,0,1,1,0,0,-1,3,1,1,5
333,1,0,323,-1,-1,-1,5,-1,-1,4294967295,117,88,0,323,317,167,167,169,86,8,5,10,53,3,3,0,22000,3,0,30,-1,0,0,5,0,0,1,1,0,0,-1,3,1,1,5
334,1,0,324,-1,-1,-1,5,-1,-1,4294967295,53,229,0,324,318,168,168,170,86,8,5,10,54,3,3,0,22000,4,0,30,-1,0,0,5,0,0,1,1,0,0,-1,3,1,1,5
335,1,0,325,-1,-1,-1,5,-1,-1,4294967295,69,205,0,325,319,169,169,171,86,8,5,10,55,3,3,0,22000,5,0,30,-1,0,0,5,0,0,1,1,0,0,-1,3,1,1,5
336,1,0,326,-1,-1,-1,5,-1,-1,4294967295,85,210,0,326,320,170,170,172,86,8,5,10,56,3,3,0,22000,6,0,30,-1,0,0,5,0,0,1,1,0,0,-1,3,1,1,5
337,1,1,-1,11,-1,322,6,5,-1,4294967295,-1,-1,-1,326,320,170,170,172,86,8,5,10,56,4,3,0,22000,11,0,30,-1,5,0,5,0,0,0,0,5,5,5,4,1,0,6
338,1,0,327,-1,-1,-1,0,-1,-1,4294967295,53,53,1,327,321,170,170,172,86,8,5,10,56,4,3,0,22000,0,0,30,-1,0,0,5,0,0,1,1,0,0,-1,0,1,0,0
339,1,0,328,-1,-1,-1,1,-1,11,11,101,101,1,328,322,171,171,173,87,8,5,10,56,4,3,0,22000,1,0,30,-1,0,0,1,0,1,1,1,0,0,-1,1,1,0,1
340,1,0,329,-1,-1,-1,5,-1,-1,4294967295,69,108,0,329,323,172,172,175,87,8,5,10,57,4,3,0,22000,2,0,30,-1,0,0,5,0,0,1,1,0,0,-1,3,1,1,5
341,1,0,330,-1,-1,-1,5,-1,-1,4294967295,85,151,0,330,324,173,173,176,87,8,5,10,58,4,3,0,22000,3,0,30,-1,0,0,5,0,0,1,1,0,0,-1,3,1,1,5
342,1,0,331,-1,-1,-1,5,-1,-1,4294967295,117,134,0,331,325,174,174,177,87,8,5,10,59,4,3,0,22000,4,0,30,-1,0,0,5,0,0,1,1,0,0,-1,3,1,1,5
343,1,0,332,-1,-1,-1,5,-1,-1,4294967295,5,1,0,332,326,175,175,178,87,8,5,10,60,4,3,0,22000,5,0,30,-1,0,0,5,0,0,1,1,0,0,-1,3,1,1,5
344,1,0,333,-1,-1,-1,5,-1,-1,4294967295,5,62,0,333,327,176,176,179,87,8,5,10,61,4,3,0,22000,6,0,30,-1,0,0,5,0,0,1,1,0,0,-1,3,1,1,5
345,1,1,-1,12,-1,329,6,5,-1,4294967295,-1,-1,-1,333,327,176,176,179,87,8,5,10,61,5,3,0,22000,11,0,30,-1,5,0,5,0,0,0,0,5,5,5,4,1,0,6
346,1,0,334,-1,-1,-1,0,-1,-1,4294967295,37,37,1,334,328,176,176,179,87,8,5,10,61,5,3,0,22000,0,0,30,-1,0,0,5,0,0,1,1,0,0,-1,0,1,0,0
347,1,0,335,-1,-1,-1,2,-1,-1,4294967295,-1,-1,-1,335,329,177,177,180,87,9,5,10,61,5,3,15751,22000,1,0,30,-1,0,0,2,0,1,1,1,0,0,-1,3,1,1,2
348,1,0,336,-1,-1,-1,0,-1,-1,4294967295,21,21,1,336,330,177,177,181,87,9,5,10,61,5,3,0,22000,0,0,30,-1,0,0,2,0,0,1,1,0,0,-1,0,1,0,0
349,1,0,337,-1,-1,-1,0,-1,-1,4294967295,53,53,1,337,331,177,177,181,87,9,5,10,61,5,3,0,22000,0,0,30,-1,0,0,2,0,0,1,1,0,0,-1,0,1,0,0
350,1,0,338,-1,-1,-1,1,-1,6,1,5,5,1,338,332,178,178,182,88,9,5,10,61,5,3,0,22000,1,0,30,-1,0,0,1,0,1,1,1,0,0,-1,1,1,0,1
351,1,0,339,-1,-1,-1,5,-1,-1,4294967295,69,227,0,339,333,179,179,183,88,9,5,10,62,5,3,0,22000,2,0,30,-1,0,0,5,0,0,1,1,0,0,-1,3,1,1,5
352,1,0,340,-1,-1,-1,5,-1,-1,4294967295,117,232,0,340,334,180,180,184,88,9,5,10,63,5,3,0,22000,3,0,30,-1,0,0,5,0,0,1,1,0,0,-1,3,1,1,5
353,1,0,341,-1,-1,-1,0,-1,-1,4294967295,69,69,1,341,335,180,180,184,88,9,5,10,63,5,3,0,22000,0,0,30,-1,0,0,5,0,0,1,1,0,0,-1,0,1,0,0
354,1,0,342,-1,-1,-1,1,-1,31,31,53,53,1,342,336,181,181,185,89,9,5,10,63,5,3,0,22000,1,0,30,-1,0,0,1,0,1,1,1,0,0,-1,1,1,0,1
355,1,0,343,-1,-1,-1,5,-1,-1,4294967295,53,3,0,343,337,182,182,186,89,9,5,10,64,5,3,0,22000,2,0,30,-1,0,0,5,0,0,1,1,0,0,-1,3,1,1,5
356,1,0,344,-1,-1,-1,0,-1,-1,4294967295,85,85,1,344,338,182,182,186,89,9,5,10,64,5,3,0,22000,0,0,30,-1,0,0,5,0,0,1,1,0,0,-1,0,1,0,0
357,1,0,345,-1,-1,-1,0,-1,-1,4294967295,101,101,1,345,339,182,182,186,89,9,5,10,64,5,3,0,22000,0,0,30,-1,0,0,5,0,0,1,1,0,0,-1,0,1,0,0
358,1,1,-1,13,-1,-1,8,-1,-1,4294967295,-1,-1,-1,345,339,182,182,186,89,9,5,10,64,5,3,0,22000,0,50,30,1,0,0,8,0,0,0,0,10,5,5,4,1,0,8
359,1,0,346,-1,-1,-1,1,-1,0,7,53,53,1,346,340,183,183,187,90,9,5,10,64,5,3,0,22000,1,0,30,-1,0,0,1,0,1,1,1,0,0,-1,1,1,0,1
360,1,0,347,-1,-1,-1,1,-1,13,13,53,53,1,347,341,184,184,189,91,9,5,10,64,5,3,0,22000,2,0,30,-1,0,0,1,0,1,1,1,0,0,-1,1,1,0,1
361,1,0,348,-1,-1,-1,1,-1,31,31,69,69,1,348,342,185,185,190,92,9,5,10,64,5,3,0,22000,3,0,30,-1,0,0,1,0,1,1,1,0,0,-1,1,1,0,1
362,1,0,349,-1,-1,-1,1,-1,12,12,21,21,1,349,343,186,186,191,93,9,5,10,64,5,3,0,22000,4,0,30,-1,0,0,1,0,1,1,1,0,0,-1,1,1,0,1
363,1,0,350,-1,-1,-1,1,-1,23,23,53,53,1,350,344,187,187,192,94,9,5,10,64,5,3,0,22000,5,0,30,-1,0,0,1,0,1,1,1,0,0,-1,1,1,0,1
364,1,1,-1,14,-1,347,6,1,-1,4294967295,-1,-1,-1,350,344,187,187,192,94,9,5,10,64,6,3,0,22000,9,0,30,-1,4,0,1,0,0,0,0,4,4,1,4,1,0,6
365,1,0,351,-1,-1,-1,1,-1,29,29,37,37,1,351,345,188,188,193,95,9,5,10,64,6,3,0,22000,10,0,30,-1,0,0,1,0,1,1,1,0,0,-1,1,1,0,1
366,1,0,352,-1,-1,-1,1,-1,12,12,5,5,1,352,346,189,189,194,96,9,5,10,64,6,3,0,22000,11,0,30,-1,0,0,1,0,1,1,1,0,0,-1,1,1,0,1
367,1,0,353,-1,-1,-1,0,-1,-1,4294967295,117,117,1,353,347,189,189,194,96,9,5,10,64,6,3,0,22000,0,0,30,-1,0,0,1,0,0,1,1,0,0,-1,0,1,0,0
368,1,0,354,-1,-1,-1,0,-1,-1,4294967295,37,37,1,354,348,189,189,194,96,9,5,10,64,6,3,0,22000,0,0,30,-1,0,0,1,0,0,1,1,0,0,-1,0,1,0,0
369,1,0,355,-1,-1,-1,0,-1,-1,4294967295,37,37,1,355,349,189,189,194,96,9,5,10,64,6,3,0,22000,0,0,30,-1,0,0,1,0,0,1,1,0,0,-1,0,1,0,0
370,1,0,356,-1,-1,-1,1,-1,7,0,53,53,1,356,350,190,190,196,97,9,5,10,64,6,3,0,22000,1,0,30,-1,0,0,1,0,1,1,1,0,0,-1,1,1,0,1
371,1,0,357,-1,-1,-1,1,-1,8,8,101,101,1,357,351,191,191,197,98,9,5,10,64,6,3,0,22000,2,0,30,-1,0,0,1,0,1,1,1,0,0,-1,1,1,0,1
372,1,0,358,-1,-1,-1,1,-1,8,8,5,5,1,358,352,192,192,198,99,9,5,10,64,6,3,0,22000,3,0,30,-1,0,0,1,0,1,1,1,0,0,-1,1,1,0,1
373,1,0,359,-1,-1,-1,1,-1,0,7,5,5,1,359,353,193,193,199,100,9,5,10,64,6,3,0,22000,4,0,30,-1,0,0,1,0,1,1,1,0,0,-1,1,1,0,1
374,1,0,360,-1,-1,-1,1,-1,1,6,53,53,1,360,354,194,194,200,101,9,5,10,64,6,3,0,22000,5,0,30,-1,0,0,1,0,1,1,1,0,0,-1,1,1,0,1
375,1,1,-1,15,-1,356,6,1,-1,4294967295,-1,-1,-1,360,354,194,194,200,101,9,5,10,64,7,3,0,22000,10,0,30,-1,5,0,1,0,0,0,0,5,5,1,4,1,0,6
376,1,0,361,-1,-1,-1,0,-1,-1,4294967295,5,5,1,361,355,194,194,200,101,9,5,10,64,7,3,0,22000,0,0,30,-1,0,0,1,0,0,1,1,0,0,-1,0,1,0,0
377,1,0,362,-1,-1,-1,5,-1,-1,4294967295,85,17,0,362,356,195,195,201,101,9,5,10,65,7,3,0,22000,1,0,30,-1,0,0,5,0,0,1,1,0,0,-1,3,1,1,5
378,1,0,363,-1,-1,-1,0,-1,-1,4294967295,53,53,1,363,357,195,195,202,101,9,5,10,65,7,3,0,22000,0,0,30,-1,0,0,5,0,0,1,1,0,0,-1,0,1,0,0
379,1,0,364,-1,-1,-1,1,-1,12,12,69,69,1,364,358,196,196,203,102,9,5,10,65,7,3,0,22000,1,0,30,-1,0,0,1,0,1,1,1,0,0,-1,1,1,0,1
380,1,0,365,-1,-1,-1,0,-1,-1,4294967295,53,53,1,365,359,196,196,203,102,9,5,10,65,7,3,0,22000,0,0,30,-1,0,0,1,0,0,1,1,0,0,-1,0,1,0,0
381,1,0,366,-1,-1,-1,0,-1,-1,4294967295,85,85,1,366,360,196,196,203,102,9,5,10,65,7,3,0,22000,0,0,30,-1,0,0,1,0,0,1,1,0,0,-1,0,1,0,0
382,1,0,367,-1,-1,-1,5,-1,-1,4294967295,101,162,0,367,361,197,197,204,102,9,5,10,66,7,3,0,22000,1,0,30,-1,0,0,5,0,0,1,1,0,0,-1,3,1,1,5
383,1,0,368,-1,-1,-1,0,-1,-1,4294967295,69,69,1,368,362,197,197,204,102,9,5,10,66,7,3,0,22000,0,0,30,-1,0,0,5,0,0,1,1,0,0,-1,0,1,0,0
384,1,0,369,-1,-1,-1,0,-1,-1,4294967295,69,69,1,369,363,197,197,204,102,9,5,10,66,7,3,0,22000,0,0,30,-1,0,0,5,0,0,1,1,0,0,-1,0,1,0,0
385,1,0,370,-1,-1,-1,0,-1,-1,4294967295,53,53,1,370,364,197,197,204,102,9,5,10,66,7,3,0,22000,0,0,30,-1,0,0,5,0,0,1,1,0,0,-1,0,1,0,0
386,1,0,371,-1,-1,-1,0,-1,-1,4294967295,69,69,1,371,365,197,197,204,102,9,5,10,66,7,3,0,22000,0,0,30,-1,0,0,5,0,0,1,1,0,0,-1,0,1,0,0
387,1,0,372,-1,-1,-1,0,-1,-1,4294967295,37,37,1,372,366,197,197,204,102,9,5,10,66,7,3,0,22000,0,0,30,-1,0,0,5,0,0,1,1,0,0,-1,0,1,0,0
388,1,1,-1,16,-1,-1,0,-1,-1,4294967295,-1,-1,-1,372,366,197,197,204,102,9,5,10,66,7,3,0,22000,0,20,30,0,0,0,0,0,0,0,0,10,2,1,4,1,0,0
389,1,2,-1,-1,9,373,4,-1,-1,4294967295,-1,-1,-1,373,367,198,198,205,102,9,5,11,66,7,3,0,22000,1,0,30,-1,0,0,4,0,0,1,1,0,0,-1,3,1,1,4
390,1,0,374,-1,-1,-1,0,-1,-1,4294967295,69,69,1,374,368,198,198,205,102,9,5,11,66,7,3,0,22000,0,0,30,-1,0,0,4,0,0,1,1,0,0,-1,0,1,0,0
391,1,0,375,-1,-1,-1,1,-1,24,24,5,5,1,375,369,199,199,207,103,9,5,11,66,7,3,0,22000,1,0,30,-1,0,0,1,0,1,1,1,0,0,-1,1,1,0,1
392,1,0,376,-1,-1,-1,1,-1,4,3,37,37,1,376,370,200,200,208,104,9,5,11,66,7,3,0,22000,2,0,30,-1,0,0,1,0,1,1,1,0,0,-1,1,1,0,1
393,1,0,377,-1,-1,-1,1,-1,2,5,117,117,1,377,371,201,201,209,105,9,5,11,66,7,3,0,22000,3,0,30,-1,0,0,1,0,1,1,1,0,0,-1,1,1,0,1
394,1,1,-1,17,-1,375,6,1,-1,4294967295,-1,-1,-1,377,371,201,201,209,105,9,5,11,66,8,3,0,22000,6,0,30,-1,3,0,1,0,0,0,0,3,3,1,4,1,0,6
395,1,0,378,-1,-1,-1,1,-1,1,6,21,21,1,378,372,202,202,210,106,9,5,11,66,8,3,0,22000,7,0,30,-1,0,0,1,0,1,1,1,0,0,-1,1,1,0,1
396,1,0,379,-1,-1,-1,5,-1,-1,4294967295,5,107,0,379,373,203,203,212,106,9,5,11,67,8,3,0,22000,8,0,30,-1,0,0,5,0,0,1,1,0,0,-1,3,1,1,5
397,1,0,380,-1,-1,-1,5,-1,-1,4294967295,21,239,0,380,374,204,204,213,106,9,5,11,68,8,3,0,22000,9,0,30,-1,0,0,5,0,0,1,1,0,0,-1,3,1,1,5
398,1,0,381,-1,-1,-1,5,-1,-1,4294967295,21,64,0,381,375,205,205,214,106,9,5,11,69,8,3,0,22000,10,0,30,-1,0,0,5,0,0,1,1,0,0,-1,3,1,1,5
399,1,0,382,-1,-1,-1,5,-1,-1,4294967295,101,232,0,382,376,206,206,215,106,9,5,11,70,8,3,0,22000,11,0,30,-1,0,0,5,0,0,1,1,0,0,-1,3,1,1,5
400,1,0,383,-1,-1,-1,0,-1,-1,4294967295,53,53,1,383,377,206,206,215,106,9,5,11,70,8,3,0,22000,0,0,30,-1,0,0,5,0,0,1,1,0,0,-1,0,1,0,0
401,1,0,384,-1,-1,-1,0,-1,-1,4294967295,85,85,1,384,378,206,206,215,106,9,5,11,70,8,3,0,22000,0,0,30,-1,0,0,5,0,0,1,1,0,0,-1,0,1,0,0
402,1,0,385,-1,-1,-1,0,-1,-1,4294967295,85,85,1,385,379,206,206,215,106,9,5,11,70,8,3,0,22000,0,0,30,-1,0,0,5,0,0,1,1,0,0,-1,0,1,0,0
403,1,0,386,-1,-1,-1,1,-1,21,21,85,85,1,386,380,207,207,216,107,9,5,11,70,8,3,0,22000,1,0,30,-1,0,0,1,0,1,1,1,0,0,-1,1,1,0,1
404,1,0,387,-1,-1,-1,0,-1,-1,4294967295,117,117,1,387,381,207,207,216,107,9,5,11,70,8,3,0,22000,0,0,30,-1,0,0,1,0,0,1,1,0,0,-1,0,1,0,0
405,1,0,388,-1,-1,-1,0,-1,-1,4294967295,117,117,1,388,382,207,207,216,107,9,5,11,70,8,3,0,22000,0,0,30,-1,0,0,1,0,0,1,1,0,0,-1,0,1,0,0
406,1,1,-1,18,-1,-1,8,-1,-1,4294967295,-1,-1,-1,388,382,207,207,216,107,9,5,11,70,8,3,0,22000,0,50,30,1,0,0,8,0,0,0,0,10,5,5,4,1,0,8
407,1,0,389,-1,-1,-1,1,-1,17,17,85,85,1,389,383,208,208,218,108,9,5,11,70,8,3,0,22000,1,0,30,-1,0,0,1,0,1,1,1,0,0,-1,1,1,0,1
408,1,0,390,-1,-1,-1,5,-1,-1,4294967295,21,87,0,390,384,209,209,219,108,9,5,11,71,8,3,0,22000,2,0,30,-1,0,0,5,0,0,1,1,0,0,-1,3,1,1,5
409,1,0,391,-1,-1,-1,5,-1,-1,4294967295,69,249,0,391,385,210,210,220,108,9,5,11,72,8,3,0,22000,3,0,30,-1,0,0,5,0,0,1,1,0,0,-1,3,1,1,5
410,1,0,392,-1,-1,-1,0,-1,-1,4294967295,21,21,1,392,386,210,210,220,108,9,5,11,72,8,3,0,22000,0,0,30,-1,0,0,5,0,0,1,1,0,0,-1,0,1,0,0
411,1,0,393,-1,-1,-1,1,-1,13,13,85,85,1,393,387,211,211,221,109,9,5,11,72,8,3,0,22000,1,0,30,-1,0,0,1,0,1,1,1,0,0,-1,1,1,0,1
412,1,0,394,-1,-1,-1,5,-1,-1,4294967295,101,93,0,394,388,212,212,222,109,9,5,11,73,8,3,0,22000,2,0,30,-1,0,0,5,0,0,1,1,0,0,-1,3,1,1,5
413,1,0,395,-1,-1,-1,1,-1,3,4,85,85,1,395,389,213,213,223,110,9,5,11,73,8,3,0,22000,3,0,30,-1,0,0,1,0,1,1,1,0,0,-1,1,1,0,1
414,1,0,396,-1,-1,-1,5,-1,-1,4294967295,69,20,0,396,390,214,214,224,110,9,5,11,74,8,3,0,22000,4,0,30,-1,0,0,5,0,0,1,1,0,0,-1,3,1,1,5
415,1,0,397,-1,-1,-1,0,-1,-1,4294967295,85,85,1,397,391,214,214,224,110,9,5,11,74,8,3,0,22000,0,0,30,-1,0,0,5,0,0,1,1,0,0,-1,0,1,0,0
416,1,0,398,-1,-1,-1,1,-1,18,18,85,85,1,398,392,215,215,225,111,9,5,11,74,8,3,0,22000,1,0,30,-1,0,0,1,0,1,1,1,0,0,-1,1,1,0,1
417,1,1,-1,19,-1,-1,8,-1,-1,4294967295,-1,-1,-1,398,392,215,215,225,111,9,5,11,74,8,3,0,22000,1,80,30,1,0,0,8,0,0,0,0,10,8,1,4,1,0,8
418,1,0,399,-1,-1,-1,0,-1,-1,4294967295,21,21,1,399,393,215,215,225,111,9,5,11,74,8,3,0,22000,0,0,30,-1,0,0,8,0,0,1,1,0,0,-1,0,1,0,0
419,1,0,400,-1,-1,-1,2,-1,-1,4294967295,-1,-1,-1,400,394,216,216,226,111,10,5,11,74,8,3,15751,22000,1,0,30,-1,0,0,2,0,1,1,1,0,0,-1,3,1,1,2
420,1,2,-1,-1,10,401,4,-1,-1,4294967295,-1,-1,-1,401,395,219,219,227,111,10,5,14,74,8,3,0,22000,2,0,30,-1,0,0,4,0,0,1,1,0,0,-1,3,1,1,4
421,1,0,402,-1,-1,-1,0,-1,-1,4294967295,53,53,1,402,396,219,219,227,111,10,5,14,74,8,3,0,22000,0,0,30,-1,0,0,4,0,0,1,1,0,0,-1,0,1,0,0
422,1,0,403,-1,-1,-1,2,-1,-1,4294967295,-1,-1,-1,403,397,220,220,228,111,11,5,14,74,8,3,15751,22000,1,0,30,-1,0,0,2,0,1,1,0,0,0,-1,3,1,1,2
423,1,0,404,-1,-1,-1,5,-1,-1,4294967295,85,15,0,404,398,221,221,229,111,11,5,14,75,8,3,0,22000,2,0,30,-1,0,0,5,0,0,1,1,0,0,-1,3,1,1,5
424,1,0,405,-1,-1,-1,5,-1,-1,4294967295,37,135,0,405,399,222,222,230,111,11,5,14,76,8,3,0,22000,3,0,30,-1,0,0,5,0,0,1,1,0,0,-1,3,1,1,5
425,1,0,406,-1,-1,-1,5,-1,-1,4294967295,53,0,0,406,400,223,223,231,111,11,5,14,77,8,3,0,22000,4,0,30,-1,0,0,5,0,0,1,1,0,0,-1,3,1,1,5
426,1,2,-1,-1,11,407,3,-1,-1,4294967295,-1,-1,-1,407,401,226,226,232,111,11,8,14,77,8,3,0,22000,5,0,30,-1,0,0,3,0,0,1,1,0,0,-1,3,1,1,3
427,1,0,408,-1,-1,-1,2,-1,-1,4294967295,-1,-1,-1,408,402,227,227,233,111,12,8,14,77,8,3,15751,22000,6,0,30,-1,0,0,2,0,1,1,1,0,0,-1,3,1,1,2
428,1,0,409,-1,-1,-1,0,-1,-1,4294967295,117,117,1,409,403,227,227,233,111,12,8,14,77,8,3,0,22000,0,0,30,-1,0,0,2,0,0,1,1,0,0,-1,0,1,0,0
429,1,0,410,-1,-1,-1,0,-1,-1,4294967295,85,85,1,410,404,227,227,233,111,12,8,14,77,8,3,0,22000,0,0,30,-1,0,0,2,0,0,1,1,0,0,-1,0,1,0,0
430,1,0,411,-1,-1,-1,0,-1,-1,4294967295,21,21,1,411,405,227,227,233,111,12,8,14,77,8,3,0,22000,0,0,30,-1,0,0,2,0,0,1,1,0,0,-1,0,1,0,0
431,1,0,412,-1,-1,-1,0,-1,-1,4294967295,69,69,1,412,406,227,227,233,111,12,8,14,77,8,3,0,22000,0,0,30,-1,0,0,2,0,0,1,1,0,0,-1,0,1,0,0
432,1,2,-1,-1,12,413,3,-1,-1,4294967295,-1,-1,-1,413,407,229,229,234,111,12,10,14,77,8,3,0,22000,1,0,30,-1,0,0,3,0,0,1,1,0,0,-1,3,1,1,3
433,1,2,-1,-1,13,414,3,-1,-1,4294967295,-1,-1,-1,414,408,232,232,235,111,12,13,14,77,8,3,0,22000,2,0,30,-1,0,0,3,0,0,1,1,0,0,-1,3,1,1,3
434,1,0,415,-1,-1,-1,5,-1,-1,4294967295,117,3,0,415,409,233,233,237,111,12,13,14,78,8,3,0,22000,3,0,30,-1,0,0,5,0,0,1,1,0,0,-1,3,1,1,5
435,1,0,416,-1,-1,-1,5,-1,-1,4294967295,37,187,0,416,410,234,234,238,111,12,13,14,79,8,3,0,22000,4,0,30,-1,0,0,5,0,0,1,1,0,0,-1,3,1,1,5
436,1,0,417,-1,-1,-1,5,-1,-1,4294967295,85,17,0,417,411,235,235,239,111,12,13,14,80,8,3,0,22000,5,0,30,-1,0,0,5,0,0,1,1,0,0,-1,3,1,1,5
437,1,0,418,-1,-1,-1,5,-1,-1,4294967295,37,32,0,418,412,236,236,240,111,12,13,14,81,8,3,0,22000,6,0,30,-1,0,0,5,0,0,1,1,0,0,-1,3,1,1,5
438,1,0,419,-1,-1,-1,5,-1,-1,4294967295,101,140,0,419,413,237,237,241,111,12,13,14,82,8,3,0,22000,7,0,30,-1,0,0,5,0,0,1,1,0,0,-1,3,1,1,5
439,1,0,420,-1,-1,-1,5,-1,-1,4294967295,101,24,0,420,414,238,238,242,111,12,13,14,83,8,3,0,22000,8,0,30,-1,0,0,5,0,0,1,1,0,0,-1,3,1,1,5
440,1,1,-1,20,-1,415,6,5,-1,4294967295,-1,-1,-1,420,414,238,238,242,111,12,13,14,83,9,3,0,22000,14,0,30,-1,6,0,5,0,0,0,0,6,6,5,4,1,0,6
441,1,2,-1,-1,14,-1,7,-1,-1,4294967295,-1,-1,-1,421,414,239,239,243,111,12,13,14,83,9,4,23302,22000,15,0,30,-1,0,0,7,0,0,0,0,0,0,-1,3,1,1,7
442,1,2,-1,-1,15,422,3,-1,-1,4294967295,-1,-1,-1,422,415,240,240,244,111,12,14,14,83,9,4,0,22000,16,0,30,-1,0,0,3,0,0,1,1,0,0,-1,3,1,1,3
443,1,0,423,-1,-1,-1,2,-1,-1,4294967295,-1,-1,-1,423,416,241,241,245,111,13,14,14,83,9,4,15751,22000,17,0,30,-1,0,0,2,0,1,1,1,0,0,-1,3,1,1,2
444,1,2,-1,-1,16,424,4,-1,-1,4294967295,-1,-1,-1,424,417,243,243,246,111,13,14,16,83,9,4,0,22000,18,0,30,-1,0,0,4,0,0,1,1,0,0,-1,3,1,1,4
445,1,0,425,-1,-1,-1,0,-1,-1,4294967295,101,101,1,425,418,243,243,246,111,13,14,16,83,9,4,0,22000,0,0,30,-1,0,0,4,0,0,1,1,0,0,-1,0,1,0,0
446,1,3,-1,-1,17,-1,99,-1,-1,4294967295,-1,-1,-1,425,418,243,243,246,111,13,14,16,83,9,4,0,22000,0,0,30,-1,0,0,4,0,0,0,0,0,0,-1,0,1,0,0
447,1,0,426,-1,-1,-1,0,-1,-1,4294967295,69,69,1,426,419,243,243,246,111,13,14,16,83,9,4,0,22000,0,0,30,-1,0,0,4,0,0,1,1,0,0,-1,0,1,0,0
448,1,3,-1,-1,18,-1,99,-1,-1,4294967295,-1,-1,-1,426,419,243,243,246,111,13,14,16,83,9,4,0,22000,0,0,30,-1,0,0,4,0,0,0,0,0,0,-1,0,1,0,0
449,1,0,427,-1,-1,-1,1,-1,12,12,37,37,1,427,420,244,244,247,112,13,14,16,83,9,4,0,22000,1,0,30,-1,0,0,1,0,1,1,1,0,0,-1,1,1,0,1
450,1,0,428,-1,-1,-1,0,-1,-1,4294967295,117,117,1,428,421,244,244,247,112,13,14,16,83,9,4,0,22000,0,0,30,-1,0,0,1,0,0,1,1,0,0,-1,0,1,0,0
451,1,3,-1,-1,19,-1,99,-1,-1,4294967295,-1,-1,-1,428,421,244,244,247,112,13,14,16,83,9,4,0,22000,0,0,30,-1,0,0,1,0,0,0,0,0,0,-1,0,1,0,0
452,1,0,429,-1,-1,-1,0,-1,-1,4294967295,117,117,1,429,422,244,244,247,112,13,14,16,83,9,4,0,22000,0,0,30,-1,0,0,1,0,0,1,1,0,0,-1,0,1,0,0
453,1,3,-1,-1,20,-1,99,-1,-1,4294967295,-1,-1,-1,429,422,244,244,247,112,13,14,16,83,9,4,0,22000,0,0,30,-1,0,0,1,0,0,0,0,0,0,-1,0,1,0,0
